model,sample_id,text,ground_truth,input_values,prediction,prompt_sent,response
mistralai/mistral-small-3.2-24b-instruct,sample_001,0.2498,0.2498,0.2498,0.47,"[{""role"": ""system"", ""content"": ""You are a lines length ratio estimator.\n        You are given a text-based representation of two lines.\n\n        Estimate the ratio of the shorter line to the longer line as a decimal number between 0 and 1.\n\n        The given data is noisy and may contain artifacts. For 10 previous observations, the values were observed to lie in the range of 0.1 to 0.5.     \n\n        Do not explain or reason. Only output the final answer as a number after Final Answer:\n""}, {""role"": ""user"", ""content"": ""\nHere is the text-based representation of two lines.\n\n|-=-=-----                               |\n|-------------------------.------ -------| \n\nFinal Answer:\n""}]",0.47
mistralai/mistral-small-3.2-24b-instruct,sample_002,0.4803,0.4803,0.4803,0.5,"[{""role"": ""system"", ""content"": ""You are a lines length ratio estimator.\n        You are given a text-based representation of two lines.\n\n        Estimate the ratio of the shorter line to the longer line as a decimal number between 0 and 1.\n\n        The given data is noisy and may contain artifacts. For 10 previous observations, the values were observed to lie in the range of 0.1 to 0.5.     \n\n        Do not explain or reason. Only output the final answer as a number after Final Answer:\n""}, {""role"": ""user"", ""content"": ""\nHere is the text-based representation of two lines.\n\n|-=-=-----                               |\n|-------------------------.------ -------| \n\nFinal Answer:\n""}, {""role"": ""assistant"", ""content"": ""0.47""}, {""role"": ""user"", ""content"": ""\nHere is the text-based representation of two lines.\n\n|------------.-~----                     |\n|-------------.~-------------------------| \n\nFinal Answer:\n""}]",0.5
mistralai/mistral-small-3.2-24b-instruct,sample_003,0.3928,0.3928,0.3928,0.38,"[{""role"": ""system"", ""content"": ""You are a lines length ratio estimator.\n        You are given a text-based representation of two lines.\n\n        Estimate the ratio of the shorter line to the longer line as a decimal number between 0 and 1.\n\n        The given data is noisy and may contain artifacts. For 10 previous observations, the values were observed to lie in the range of 0.1 to 0.5.     \n\n        Do not explain or reason. Only output the final answer as a number after Final Answer:\n""}, {""role"": ""user"", ""content"": ""\nHere is the text-based representation of two lines.\n\n|-=-=-----                               |\n|-------------------------.------ -------| \n\nFinal Answer:\n""}, {""role"": ""assistant"", ""content"": ""0.47""}, {""role"": ""user"", ""content"": ""\nHere is the text-based representation of two lines.\n\n|------------.-~----                     |\n|-------------.~-------------------------| \n\nFinal Answer:\n""}, {""role"": ""assistant"", ""content"": ""0.5""}, {""role"": ""user"", ""content"": ""\nHere is the text-based representation of two lines.\n\n|-----~---=-----                         |\n|---------------------------=------~-----| \n\nFinal Answer:\n""}]",0.38
mistralai/mistral-small-3.2-24b-instruct,sample_004,0.3395,0.3395,0.3395,0.46,"[{""role"": ""system"", ""content"": ""You are a lines length ratio estimator.\n        You are given a text-based representation of two lines.\n\n        Estimate the ratio of the shorter line to the longer line as a decimal number between 0 and 1.\n\n        The given data is noisy and may contain artifacts. For 10 previous observations, the values were observed to lie in the range of 0.1 to 0.5.     \n\n        Do not explain or reason. Only output the final answer as a number after Final Answer:\n""}, {""role"": ""user"", ""content"": ""\nHere is the text-based representation of two lines.\n\n|-=-=-----                               |\n|-------------------------.------ -------| \n\nFinal Answer:\n""}, {""role"": ""assistant"", ""content"": ""0.47""}, {""role"": ""user"", ""content"": ""\nHere is the text-based representation of two lines.\n\n|------------.-~----                     |\n|-------------.~-------------------------| \n\nFinal Answer:\n""}, {""role"": ""assistant"", ""content"": ""0.5""}, {""role"": ""user"", ""content"": ""\nHere is the text-based representation of two lines.\n\n|-----~---=-----                         |\n|---------------------------=------~-----| \n\nFinal Answer:\n""}, {""role"": ""assistant"", ""content"": ""0.38""}, {""role"": ""user"", ""content"": ""\nHere is the text-based representation of two lines.\n\n|----------~-                            |\n|--------- -------------=----------------| \n\nFinal Answer:\n""}]",0.46
mistralai/mistral-small-3.2-24b-instruct,sample_005,0.1624,0.1624,0.1624,0.42,"[{""role"": ""system"", ""content"": ""You are a lines length ratio estimator.\n        You are given a text-based representation of two lines.\n\n        Estimate the ratio of the shorter line to the longer line as a decimal number between 0 and 1.\n\n        The given data is noisy and may contain artifacts. For 10 previous observations, the values were observed to lie in the range of 0.1 to 0.5.     \n\n        Do not explain or reason. Only output the final answer as a number after Final Answer:\n""}, {""role"": ""user"", ""content"": ""\nHere is the text-based representation of two lines.\n\n|-=-=-----                               |\n|-------------------------.------ -------| \n\nFinal Answer:\n""}, {""role"": ""assistant"", ""content"": ""0.47""}, {""role"": ""user"", ""content"": ""\nHere is the text-based representation of two lines.\n\n|------------.-~----                     |\n|-------------.~-------------------------| \n\nFinal Answer:\n""}, {""role"": ""assistant"", ""content"": ""0.5""}, {""role"": ""user"", ""content"": ""\nHere is the text-based representation of two lines.\n\n|-----~---=-----                         |\n|---------------------------=------~-----| \n\nFinal Answer:\n""}, {""role"": ""assistant"", ""content"": ""0.38""}, {""role"": ""user"", ""content"": ""\nHere is the text-based representation of two lines.\n\n|----------~-                            |\n|--------- -------------=----------------| \n\nFinal Answer:\n""}, {""role"": ""assistant"", ""content"": ""0.46""}, {""role"": ""user"", ""content"": ""\nHere is the text-based representation of two lines.\n\n|-----                                   |\n|------------------------- ------ -------| \n\nFinal Answer:\n""}]",0.42
mistralai/mistral-small-3.2-24b-instruct,sample_006,0.1624,0.1624,0.1624,0.31,"[{""role"": ""system"", ""content"": ""You are a lines length ratio estimator.\n        You are given a text-based representation of two lines.\n\n        Estimate the ratio of the shorter line to the longer line as a decimal number between 0 and 1.\n\n        The given data is noisy and may contain artifacts. For 10 previous observations, the values were observed to lie in the range of 0.1 to 0.5.     \n\n        Do not explain or reason. Only output the final answer as a number after Final Answer:\n""}, {""role"": ""user"", ""content"": ""\nHere is the text-based representation of two lines.\n\n|-=-=-----                               |\n|-------------------------.------ -------| \n\nFinal Answer:\n""}, {""role"": ""assistant"", ""content"": ""0.47""}, {""role"": ""user"", ""content"": ""\nHere is the text-based representation of two lines.\n\n|------------.-~----                     |\n|-------------.~-------------------------| \n\nFinal Answer:\n""}, {""role"": ""assistant"", ""content"": ""0.5""}, {""role"": ""user"", ""content"": ""\nHere is the text-based representation of two lines.\n\n|-----~---=-----                         |\n|---------------------------=------~-----| \n\nFinal Answer:\n""}, {""role"": ""assistant"", ""content"": ""0.38""}, {""role"": ""user"", ""content"": ""\nHere is the text-based representation of two lines.\n\n|----------~-                            |\n|--------- -------------=----------------| \n\nFinal Answer:\n""}, {""role"": ""assistant"", ""content"": ""0.46""}, {""role"": ""user"", ""content"": ""\nHere is the text-based representation of two lines.\n\n|-----                                   |\n|------------------------- ------ -------| \n\nFinal Answer:\n""}, {""role"": ""assistant"", ""content"": ""0.42""}, {""role"": ""user"", ""content"": ""\nHere is the text-based representation of two lines.\n\n|---.-.                                  |\n|------------------=-------------.-------| \n\nFinal Answer:\n""}]",0.31
mistralai/mistral-small-3.2-24b-instruct,sample_007,0.1232,0.1232,0.1232,0.18,"[{""role"": ""system"", ""content"": ""You are a lines length ratio estimator.\n        You are given a text-based representation of two lines.\n\n        Estimate the ratio of the shorter line to the longer line as a decimal number between 0 and 1.\n\n        The given data is noisy and may contain artifacts. For 10 previous observations, the values were observed to lie in the range of 0.1 to 0.5.     \n\n        Do not explain or reason. Only output the final answer as a number after Final Answer:\n""}, {""role"": ""user"", ""content"": ""\nHere is the text-based representation of two lines.\n\n|-=-=-----                               |\n|-------------------------.------ -------| \n\nFinal Answer:\n""}, {""role"": ""assistant"", ""content"": ""0.47""}, {""role"": ""user"", ""content"": ""\nHere is the text-based representation of two lines.\n\n|------------.-~----                     |\n|-------------.~-------------------------| \n\nFinal Answer:\n""}, {""role"": ""assistant"", ""content"": ""0.5""}, {""role"": ""user"", ""content"": ""\nHere is the text-based representation of two lines.\n\n|-----~---=-----                         |\n|---------------------------=------~-----| \n\nFinal Answer:\n""}, {""role"": ""assistant"", ""content"": ""0.38""}, {""role"": ""user"", ""content"": ""\nHere is the text-based representation of two lines.\n\n|----------~-                            |\n|--------- -------------=----------------| \n\nFinal Answer:\n""}, {""role"": ""assistant"", ""content"": ""0.46""}, {""role"": ""user"", ""content"": ""\nHere is the text-based representation of two lines.\n\n|-----                                   |\n|------------------------- ------ -------| \n\nFinal Answer:\n""}, {""role"": ""assistant"", ""content"": ""0.42""}, {""role"": ""user"", ""content"": ""\nHere is the text-based representation of two lines.\n\n|---.-.                                  |\n|------------------=-------------.-------| \n\nFinal Answer:\n""}, {""role"": ""assistant"", ""content"": ""0.31""}, {""role"": ""user"", ""content"": ""\nHere is the text-based representation of two lines.\n\n|.-~-                                    |\n|-----=---------.------------------------| \n\nFinal Answer:\n""}]",0.18
mistralai/mistral-small-3.2-24b-instruct,sample_008,0.4465,0.4465,0.4465,0.36,"[{""role"": ""system"", ""content"": ""You are a lines length ratio estimator.\n        You are given a text-based representation of two lines.\n\n        Estimate the ratio of the shorter line to the longer line as a decimal number between 0 and 1.\n\n        The given data is noisy and may contain artifacts. For 10 previous observations, the values were observed to lie in the range of 0.1 to 0.5.     \n\n        Do not explain or reason. Only output the final answer as a number after Final Answer:\n""}, {""role"": ""user"", ""content"": ""\nHere is the text-based representation of two lines.\n\n|-=-=-----                               |\n|-------------------------.------ -------| \n\nFinal Answer:\n""}, {""role"": ""assistant"", ""content"": ""0.47""}, {""role"": ""user"", ""content"": ""\nHere is the text-based representation of two lines.\n\n|------------.-~----                     |\n|-------------.~-------------------------| \n\nFinal Answer:\n""}, {""role"": ""assistant"", ""content"": ""0.5""}, {""role"": ""user"", ""content"": ""\nHere is the text-based representation of two lines.\n\n|-----~---=-----                         |\n|---------------------------=------~-----| \n\nFinal Answer:\n""}, {""role"": ""assistant"", ""content"": ""0.38""}, {""role"": ""user"", ""content"": ""\nHere is the text-based representation of two lines.\n\n|----------~-                            |\n|--------- -------------=----------------| \n\nFinal Answer:\n""}, {""role"": ""assistant"", ""content"": ""0.46""}, {""role"": ""user"", ""content"": ""\nHere is the text-based representation of two lines.\n\n|-----                                   |\n|------------------------- ------ -------| \n\nFinal Answer:\n""}, {""role"": ""assistant"", ""content"": ""0.42""}, {""role"": ""user"", ""content"": ""\nHere is the text-based representation of two lines.\n\n|---.-.                                  |\n|------------------=-------------.-------| \n\nFinal Answer:\n""}, {""role"": ""assistant"", ""content"": ""0.31""}, {""role"": ""user"", ""content"": ""\nHere is the text-based representation of two lines.\n\n|.-~-                                    |\n|-----=---------.------------------------| \n\nFinal Answer:\n""}, {""role"": ""assistant"", ""content"": ""0.18""}, {""role"": ""user"", ""content"": ""\nHere is the text-based representation of two lines.\n\n|- -------.-------                       |\n|-----=---------------------------------.| \n\nFinal Answer:\n""}]",0.36
mistralai/mistral-small-3.2-24b-instruct,sample_009,0.3404,0.3404,0.3404,0.39,"[{""role"": ""system"", ""content"": ""You are a lines length ratio estimator.\n        You are given a text-based representation of two lines.\n\n        Estimate the ratio of the shorter line to the longer line as a decimal number between 0 and 1.\n\n        The given data is noisy and may contain artifacts. For 10 previous observations, the values were observed to lie in the range of 0.1 to 0.5.     \n\n        Do not explain or reason. Only output the final answer as a number after Final Answer:\n""}, {""role"": ""user"", ""content"": ""\nHere is the text-based representation of two lines.\n\n|-=-=-----                               |\n|-------------------------.------ -------| \n\nFinal Answer:\n""}, {""role"": ""assistant"", ""content"": ""0.47""}, {""role"": ""user"", ""content"": ""\nHere is the text-based representation of two lines.\n\n|------------.-~----                     |\n|-------------.~-------------------------| \n\nFinal Answer:\n""}, {""role"": ""assistant"", ""content"": ""0.5""}, {""role"": ""user"", ""content"": ""\nHere is the text-based representation of two lines.\n\n|-----~---=-----                         |\n|---------------------------=------~-----| \n\nFinal Answer:\n""}, {""role"": ""assistant"", ""content"": ""0.38""}, {""role"": ""user"", ""content"": ""\nHere is the text-based representation of two lines.\n\n|----------~-                            |\n|--------- -------------=----------------| \n\nFinal Answer:\n""}, {""role"": ""assistant"", ""content"": ""0.46""}, {""role"": ""user"", ""content"": ""\nHere is the text-based representation of two lines.\n\n|-----                                   |\n|------------------------- ------ -------| \n\nFinal Answer:\n""}, {""role"": ""assistant"", ""content"": ""0.42""}, {""role"": ""user"", ""content"": ""\nHere is the text-based representation of two lines.\n\n|---.-.                                  |\n|------------------=-------------.-------| \n\nFinal Answer:\n""}, {""role"": ""assistant"", ""content"": ""0.31""}, {""role"": ""user"", ""content"": ""\nHere is the text-based representation of two lines.\n\n|.-~-                                    |\n|-----=---------.------------------------| \n\nFinal Answer:\n""}, {""role"": ""assistant"", ""content"": ""0.18""}, {""role"": ""user"", ""content"": ""\nHere is the text-based representation of two lines.\n\n|- -------.-------                       |\n|-----=---------------------------------.| \n\nFinal Answer:\n""}, {""role"": ""assistant"", ""content"": ""0.36""}, {""role"": ""user"", ""content"": ""\nHere is the text-based representation of two lines.\n\n|--- =--------                           |\n|------.---------------------~-----------| \n\nFinal Answer:\n""}]",0.39
mistralai/mistral-small-3.2-24b-instruct,sample_010,0.3832,0.3832,0.3832,0.48,"[{""role"": ""system"", ""content"": ""You are a lines length ratio estimator.\n        You are given a text-based representation of two lines.\n\n        Estimate the ratio of the shorter line to the longer line as a decimal number between 0 and 1.\n\n        The given data is noisy and may contain artifacts. For 10 previous observations, the values were observed to lie in the range of 0.1 to 0.5.     \n\n        Do not explain or reason. Only output the final answer as a number after Final Answer:\n""}, {""role"": ""user"", ""content"": ""\nHere is the text-based representation of two lines.\n\n|-=-=-----                               |\n|-------------------------.------ -------| \n\nFinal Answer:\n""}, {""role"": ""assistant"", ""content"": ""0.47""}, {""role"": ""user"", ""content"": ""\nHere is the text-based representation of two lines.\n\n|------------.-~----                     |\n|-------------.~-------------------------| \n\nFinal Answer:\n""}, {""role"": ""assistant"", ""content"": ""0.5""}, {""role"": ""user"", ""content"": ""\nHere is the text-based representation of two lines.\n\n|-----~---=-----                         |\n|---------------------------=------~-----| \n\nFinal Answer:\n""}, {""role"": ""assistant"", ""content"": ""0.38""}, {""role"": ""user"", ""content"": ""\nHere is the text-based representation of two lines.\n\n|----------~-                            |\n|--------- -------------=----------------| \n\nFinal Answer:\n""}, {""role"": ""assistant"", ""content"": ""0.46""}, {""role"": ""user"", ""content"": ""\nHere is the text-based representation of two lines.\n\n|-----                                   |\n|------------------------- ------ -------| \n\nFinal Answer:\n""}, {""role"": ""assistant"", ""content"": ""0.42""}, {""role"": ""user"", ""content"": ""\nHere is the text-based representation of two lines.\n\n|---.-.                                  |\n|------------------=-------------.-------| \n\nFinal Answer:\n""}, {""role"": ""assistant"", ""content"": ""0.31""}, {""role"": ""user"", ""content"": ""\nHere is the text-based representation of two lines.\n\n|.-~-                                    |\n|-----=---------.------------------------| \n\nFinal Answer:\n""}, {""role"": ""assistant"", ""content"": ""0.18""}, {""role"": ""user"", ""content"": ""\nHere is the text-based representation of two lines.\n\n|- -------.-------                       |\n|-----=---------------------------------.| \n\nFinal Answer:\n""}, {""role"": ""assistant"", ""content"": ""0.36""}, {""role"": ""user"", ""content"": ""\nHere is the text-based representation of two lines.\n\n|--- =--------                           |\n|------.---------------------~-----------| \n\nFinal Answer:\n""}, {""role"": ""assistant"", ""content"": ""0.39""}, {""role"": ""user"", ""content"": ""\nHere is the text-based representation of two lines.\n\n|------ ------.-                         |\n|------------------~---------- ----------| \n\nFinal Answer:\n""}]",0.48
mistralai/mistral-small-3.2-24b-instruct,sample_001,0.2498,0.2498,0.2498,0.5,"[{""role"": ""system"", ""content"": ""You are a lines length ratio estimator.\n        You are given a text-based representation of two lines.\n\n        Estimate the ratio of the shorter line to the longer line as a decimal number between 0 and 1.\n\n        The given data is noisy and may contain artifacts. For 10 previous observations, the values were observed to lie in the range of 0.1 to 0.5.     \n\n        Do not explain or reason. Only output the final answer as a number after Final Answer:\n""}, {""role"": ""user"", ""content"": ""\nHere is the text-based representation of two lines.\n\n|-=-=-----                               |\n|-------------------------.------ -------| \n\nFinal Answer:\n""}]",0.5
mistralai/mistral-small-3.2-24b-instruct,sample_002,0.4803,0.4803,0.4803,0.5,"[{""role"": ""system"", ""content"": ""You are a lines length ratio estimator.\n        You are given a text-based representation of two lines.\n\n        Estimate the ratio of the shorter line to the longer line as a decimal number between 0 and 1.\n\n        The given data is noisy and may contain artifacts. For 10 previous observations, the values were observed to lie in the range of 0.1 to 0.5.     \n\n        Do not explain or reason. Only output the final answer as a number after Final Answer:\n""}, {""role"": ""user"", ""content"": ""\nHere is the text-based representation of two lines.\n\n|-=-=-----                               |\n|-------------------------.------ -------| \n\nFinal Answer:\n""}, {""role"": ""assistant"", ""content"": ""0.5""}, {""role"": ""user"", ""content"": ""\nHere is the text-based representation of two lines.\n\n|------------.-~----                     |\n|-------------.~-------------------------| \n\nFinal Answer:\n""}]",0.5
mistralai/mistral-small-3.2-24b-instruct,sample_003,0.3928,0.3928,0.3928,0.4,"[{""role"": ""system"", ""content"": ""You are a lines length ratio estimator.\n        You are given a text-based representation of two lines.\n\n        Estimate the ratio of the shorter line to the longer line as a decimal number between 0 and 1.\n\n        The given data is noisy and may contain artifacts. For 10 previous observations, the values were observed to lie in the range of 0.1 to 0.5.     \n\n        Do not explain or reason. Only output the final answer as a number after Final Answer:\n""}, {""role"": ""user"", ""content"": ""\nHere is the text-based representation of two lines.\n\n|-=-=-----                               |\n|-------------------------.------ -------| \n\nFinal Answer:\n""}, {""role"": ""assistant"", ""content"": ""0.5""}, {""role"": ""user"", ""content"": ""\nHere is the text-based representation of two lines.\n\n|------------.-~----                     |\n|-------------.~-------------------------| \n\nFinal Answer:\n""}, {""role"": ""assistant"", ""content"": ""0.5""}, {""role"": ""user"", ""content"": ""\nHere is the text-based representation of two lines.\n\n|-----~---=-----                         |\n|---------------------------=------~-----| \n\nFinal Answer:\n""}]",0.4
mistralai/mistral-small-3.2-24b-instruct,sample_004,0.3395,0.3395,0.3395,0.4,"[{""role"": ""system"", ""content"": ""You are a lines length ratio estimator.\n        You are given a text-based representation of two lines.\n\n        Estimate the ratio of the shorter line to the longer line as a decimal number between 0 and 1.\n\n        The given data is noisy and may contain artifacts. For 10 previous observations, the values were observed to lie in the range of 0.1 to 0.5.     \n\n        Do not explain or reason. Only output the final answer as a number after Final Answer:\n""}, {""role"": ""user"", ""content"": ""\nHere is the text-based representation of two lines.\n\n|-=-=-----                               |\n|-------------------------.------ -------| \n\nFinal Answer:\n""}, {""role"": ""assistant"", ""content"": ""0.5""}, {""role"": ""user"", ""content"": ""\nHere is the text-based representation of two lines.\n\n|------------.-~----                     |\n|-------------.~-------------------------| \n\nFinal Answer:\n""}, {""role"": ""assistant"", ""content"": ""0.5""}, {""role"": ""user"", ""content"": ""\nHere is the text-based representation of two lines.\n\n|-----~---=-----                         |\n|---------------------------=------~-----| \n\nFinal Answer:\n""}, {""role"": ""assistant"", ""content"": ""0.4""}, {""role"": ""user"", ""content"": ""\nHere is the text-based representation of two lines.\n\n|----------~-                            |\n|--------- -------------=----------------| \n\nFinal Answer:\n""}]",0.4
mistralai/mistral-small-3.2-24b-instruct,sample_005,0.1624,0.1624,0.1624,0.4,"[{""role"": ""system"", ""content"": ""You are a lines length ratio estimator.\n        You are given a text-based representation of two lines.\n\n        Estimate the ratio of the shorter line to the longer line as a decimal number between 0 and 1.\n\n        The given data is noisy and may contain artifacts. For 10 previous observations, the values were observed to lie in the range of 0.1 to 0.5.     \n\n        Do not explain or reason. Only output the final answer as a number after Final Answer:\n""}, {""role"": ""user"", ""content"": ""\nHere is the text-based representation of two lines.\n\n|-=-=-----                               |\n|-------------------------.------ -------| \n\nFinal Answer:\n""}, {""role"": ""assistant"", ""content"": ""0.5""}, {""role"": ""user"", ""content"": ""\nHere is the text-based representation of two lines.\n\n|------------.-~----                     |\n|-------------.~-------------------------| \n\nFinal Answer:\n""}, {""role"": ""assistant"", ""content"": ""0.5""}, {""role"": ""user"", ""content"": ""\nHere is the text-based representation of two lines.\n\n|-----~---=-----                         |\n|---------------------------=------~-----| \n\nFinal Answer:\n""}, {""role"": ""assistant"", ""content"": ""0.4""}, {""role"": ""user"", ""content"": ""\nHere is the text-based representation of two lines.\n\n|----------~-                            |\n|--------- -------------=----------------| \n\nFinal Answer:\n""}, {""role"": ""assistant"", ""content"": ""0.4""}, {""role"": ""user"", ""content"": ""\nHere is the text-based representation of two lines.\n\n|-----                                   |\n|------------------------- ------ -------| \n\nFinal Answer:\n""}]",0.4
mistralai/mistral-small-3.2-24b-instruct,sample_006,0.1624,0.1624,0.1624,0.3,"[{""role"": ""system"", ""content"": ""You are a lines length ratio estimator.\n        You are given a text-based representation of two lines.\n\n        Estimate the ratio of the shorter line to the longer line as a decimal number between 0 and 1.\n\n        The given data is noisy and may contain artifacts. For 10 previous observations, the values were observed to lie in the range of 0.1 to 0.5.     \n\n        Do not explain or reason. Only output the final answer as a number after Final Answer:\n""}, {""role"": ""user"", ""content"": ""\nHere is the text-based representation of two lines.\n\n|-=-=-----                               |\n|-------------------------.------ -------| \n\nFinal Answer:\n""}, {""role"": ""assistant"", ""content"": ""0.5""}, {""role"": ""user"", ""content"": ""\nHere is the text-based representation of two lines.\n\n|------------.-~----                     |\n|-------------.~-------------------------| \n\nFinal Answer:\n""}, {""role"": ""assistant"", ""content"": ""0.5""}, {""role"": ""user"", ""content"": ""\nHere is the text-based representation of two lines.\n\n|-----~---=-----                         |\n|---------------------------=------~-----| \n\nFinal Answer:\n""}, {""role"": ""assistant"", ""content"": ""0.4""}, {""role"": ""user"", ""content"": ""\nHere is the text-based representation of two lines.\n\n|----------~-                            |\n|--------- -------------=----------------| \n\nFinal Answer:\n""}, {""role"": ""assistant"", ""content"": ""0.4""}, {""role"": ""user"", ""content"": ""\nHere is the text-based representation of two lines.\n\n|-----                                   |\n|------------------------- ------ -------| \n\nFinal Answer:\n""}, {""role"": ""assistant"", ""content"": ""0.4""}, {""role"": ""user"", ""content"": ""\nHere is the text-based representation of two lines.\n\n|---.-.                                  |\n|------------------=-------------.-------| \n\nFinal Answer:\n""}]",0.3
mistralai/mistral-small-3.2-24b-instruct,sample_007,0.1232,0.1232,0.1232,0.2,"[{""role"": ""system"", ""content"": ""You are a lines length ratio estimator.\n        You are given a text-based representation of two lines.\n\n        Estimate the ratio of the shorter line to the longer line as a decimal number between 0 and 1.\n\n        The given data is noisy and may contain artifacts. For 10 previous observations, the values were observed to lie in the range of 0.1 to 0.5.     \n\n        Do not explain or reason. Only output the final answer as a number after Final Answer:\n""}, {""role"": ""user"", ""content"": ""\nHere is the text-based representation of two lines.\n\n|-=-=-----                               |\n|-------------------------.------ -------| \n\nFinal Answer:\n""}, {""role"": ""assistant"", ""content"": ""0.5""}, {""role"": ""user"", ""content"": ""\nHere is the text-based representation of two lines.\n\n|------------.-~----                     |\n|-------------.~-------------------------| \n\nFinal Answer:\n""}, {""role"": ""assistant"", ""content"": ""0.5""}, {""role"": ""user"", ""content"": ""\nHere is the text-based representation of two lines.\n\n|-----~---=-----                         |\n|---------------------------=------~-----| \n\nFinal Answer:\n""}, {""role"": ""assistant"", ""content"": ""0.4""}, {""role"": ""user"", ""content"": ""\nHere is the text-based representation of two lines.\n\n|----------~-                            |\n|--------- -------------=----------------| \n\nFinal Answer:\n""}, {""role"": ""assistant"", ""content"": ""0.4""}, {""role"": ""user"", ""content"": ""\nHere is the text-based representation of two lines.\n\n|-----                                   |\n|------------------------- ------ -------| \n\nFinal Answer:\n""}, {""role"": ""assistant"", ""content"": ""0.4""}, {""role"": ""user"", ""content"": ""\nHere is the text-based representation of two lines.\n\n|---.-.                                  |\n|------------------=-------------.-------| \n\nFinal Answer:\n""}, {""role"": ""assistant"", ""content"": ""0.3""}, {""role"": ""user"", ""content"": ""\nHere is the text-based representation of two lines.\n\n|.-~-                                    |\n|-----=---------.------------------------| \n\nFinal Answer:\n""}]",0.2
mistralai/mistral-small-3.2-24b-instruct,sample_008,0.4465,0.4465,0.4465,0.2,"[{""role"": ""system"", ""content"": ""You are a lines length ratio estimator.\n        You are given a text-based representation of two lines.\n\n        Estimate the ratio of the shorter line to the longer line as a decimal number between 0 and 1.\n\n        The given data is noisy and may contain artifacts. For 10 previous observations, the values were observed to lie in the range of 0.1 to 0.5.     \n\n        Do not explain or reason. Only output the final answer as a number after Final Answer:\n""}, {""role"": ""user"", ""content"": ""\nHere is the text-based representation of two lines.\n\n|-=-=-----                               |\n|-------------------------.------ -------| \n\nFinal Answer:\n""}, {""role"": ""assistant"", ""content"": ""0.5""}, {""role"": ""user"", ""content"": ""\nHere is the text-based representation of two lines.\n\n|------------.-~----                     |\n|-------------.~-------------------------| \n\nFinal Answer:\n""}, {""role"": ""assistant"", ""content"": ""0.5""}, {""role"": ""user"", ""content"": ""\nHere is the text-based representation of two lines.\n\n|-----~---=-----                         |\n|---------------------------=------~-----| \n\nFinal Answer:\n""}, {""role"": ""assistant"", ""content"": ""0.4""}, {""role"": ""user"", ""content"": ""\nHere is the text-based representation of two lines.\n\n|----------~-                            |\n|--------- -------------=----------------| \n\nFinal Answer:\n""}, {""role"": ""assistant"", ""content"": ""0.4""}, {""role"": ""user"", ""content"": ""\nHere is the text-based representation of two lines.\n\n|-----                                   |\n|------------------------- ------ -------| \n\nFinal Answer:\n""}, {""role"": ""assistant"", ""content"": ""0.4""}, {""role"": ""user"", ""content"": ""\nHere is the text-based representation of two lines.\n\n|---.-.                                  |\n|------------------=-------------.-------| \n\nFinal Answer:\n""}, {""role"": ""assistant"", ""content"": ""0.3""}, {""role"": ""user"", ""content"": ""\nHere is the text-based representation of two lines.\n\n|.-~-                                    |\n|-----=---------.------------------------| \n\nFinal Answer:\n""}, {""role"": ""assistant"", ""content"": ""0.2""}, {""role"": ""user"", ""content"": ""\nHere is the text-based representation of two lines.\n\n|- -------.-------                       |\n|-----=---------------------------------.| \n\nFinal Answer:\n""}]",0.2
mistralai/mistral-small-3.2-24b-instruct,sample_009,0.3404,0.3404,0.3404,0.4,"[{""role"": ""system"", ""content"": ""You are a lines length ratio estimator.\n        You are given a text-based representation of two lines.\n\n        Estimate the ratio of the shorter line to the longer line as a decimal number between 0 and 1.\n\n        The given data is noisy and may contain artifacts. For 10 previous observations, the values were observed to lie in the range of 0.1 to 0.5.     \n\n        Do not explain or reason. Only output the final answer as a number after Final Answer:\n""}, {""role"": ""user"", ""content"": ""\nHere is the text-based representation of two lines.\n\n|-=-=-----                               |\n|-------------------------.------ -------| \n\nFinal Answer:\n""}, {""role"": ""assistant"", ""content"": ""0.5""}, {""role"": ""user"", ""content"": ""\nHere is the text-based representation of two lines.\n\n|------------.-~----                     |\n|-------------.~-------------------------| \n\nFinal Answer:\n""}, {""role"": ""assistant"", ""content"": ""0.5""}, {""role"": ""user"", ""content"": ""\nHere is the text-based representation of two lines.\n\n|-----~---=-----                         |\n|---------------------------=------~-----| \n\nFinal Answer:\n""}, {""role"": ""assistant"", ""content"": ""0.4""}, {""role"": ""user"", ""content"": ""\nHere is the text-based representation of two lines.\n\n|----------~-                            |\n|--------- -------------=----------------| \n\nFinal Answer:\n""}, {""role"": ""assistant"", ""content"": ""0.4""}, {""role"": ""user"", ""content"": ""\nHere is the text-based representation of two lines.\n\n|-----                                   |\n|------------------------- ------ -------| \n\nFinal Answer:\n""}, {""role"": ""assistant"", ""content"": ""0.4""}, {""role"": ""user"", ""content"": ""\nHere is the text-based representation of two lines.\n\n|---.-.                                  |\n|------------------=-------------.-------| \n\nFinal Answer:\n""}, {""role"": ""assistant"", ""content"": ""0.3""}, {""role"": ""user"", ""content"": ""\nHere is the text-based representation of two lines.\n\n|.-~-                                    |\n|-----=---------.------------------------| \n\nFinal Answer:\n""}, {""role"": ""assistant"", ""content"": ""0.2""}, {""role"": ""user"", ""content"": ""\nHere is the text-based representation of two lines.\n\n|- -------.-------                       |\n|-----=---------------------------------.| \n\nFinal Answer:\n""}, {""role"": ""assistant"", ""content"": ""0.2""}, {""role"": ""user"", ""content"": ""\nHere is the text-based representation of two lines.\n\n|--- =--------                           |\n|------.---------------------~-----------| \n\nFinal Answer:\n""}]",0.4
mistralai/mistral-small-3.2-24b-instruct,sample_010,0.3832,0.3832,0.3832,0.4,"[{""role"": ""system"", ""content"": ""You are a lines length ratio estimator.\n        You are given a text-based representation of two lines.\n\n        Estimate the ratio of the shorter line to the longer line as a decimal number between 0 and 1.\n\n        The given data is noisy and may contain artifacts. For 10 previous observations, the values were observed to lie in the range of 0.1 to 0.5.     \n\n        Do not explain or reason. Only output the final answer as a number after Final Answer:\n""}, {""role"": ""user"", ""content"": ""\nHere is the text-based representation of two lines.\n\n|-=-=-----                               |\n|-------------------------.------ -------| \n\nFinal Answer:\n""}, {""role"": ""assistant"", ""content"": ""0.5""}, {""role"": ""user"", ""content"": ""\nHere is the text-based representation of two lines.\n\n|------------.-~----                     |\n|-------------.~-------------------------| \n\nFinal Answer:\n""}, {""role"": ""assistant"", ""content"": ""0.5""}, {""role"": ""user"", ""content"": ""\nHere is the text-based representation of two lines.\n\n|-----~---=-----                         |\n|---------------------------=------~-----| \n\nFinal Answer:\n""}, {""role"": ""assistant"", ""content"": ""0.4""}, {""role"": ""user"", ""content"": ""\nHere is the text-based representation of two lines.\n\n|----------~-                            |\n|--------- -------------=----------------| \n\nFinal Answer:\n""}, {""role"": ""assistant"", ""content"": ""0.4""}, {""role"": ""user"", ""content"": ""\nHere is the text-based representation of two lines.\n\n|-----                                   |\n|------------------------- ------ -------| \n\nFinal Answer:\n""}, {""role"": ""assistant"", ""content"": ""0.4""}, {""role"": ""user"", ""content"": ""\nHere is the text-based representation of two lines.\n\n|---.-.                                  |\n|------------------=-------------.-------| \n\nFinal Answer:\n""}, {""role"": ""assistant"", ""content"": ""0.3""}, {""role"": ""user"", ""content"": ""\nHere is the text-based representation of two lines.\n\n|.-~-                                    |\n|-----=---------.------------------------| \n\nFinal Answer:\n""}, {""role"": ""assistant"", ""content"": ""0.2""}, {""role"": ""user"", ""content"": ""\nHere is the text-based representation of two lines.\n\n|- -------.-------                       |\n|-----=---------------------------------.| \n\nFinal Answer:\n""}, {""role"": ""assistant"", ""content"": ""0.2""}, {""role"": ""user"", ""content"": ""\nHere is the text-based representation of two lines.\n\n|--- =--------                           |\n|------.---------------------~-----------| \n\nFinal Answer:\n""}, {""role"": ""assistant"", ""content"": ""0.4""}, {""role"": ""user"", ""content"": ""\nHere is the text-based representation of two lines.\n\n|------ ------.-                         |\n|------------------~---------- ----------| \n\nFinal Answer:\n""}]",0.4
mistralai/mistral-small-3.2-24b-instruct,sample_001,0.2498,0.2498,0.2498,0.5,"[{""role"": ""system"", ""content"": ""You are a lines length ratio estimator.\n        You are given a text-based representation of two lines.\n\n        Estimate the ratio of the shorter line to the longer line as a decimal number between 0 and 1.\n\n        The given data is noisy and may contain artifacts. For 10 previous observations, the values were observed to lie in the range of 0.1 to 0.5.     \n\n        Do not explain or reason. Only output the final answer as a number after Final Answer:\n""}, {""role"": ""user"", ""content"": ""\nHere is the text-based representation of two lines.\n\n|-=-=-----                               |\n|-------------------------.------ -------| \n\nFinal Answer:\n""}]",0.5
mistralai/mistral-small-3.2-24b-instruct,sample_002,0.4803,0.4803,0.4803,0.5,"[{""role"": ""system"", ""content"": ""You are a lines length ratio estimator.\n        You are given a text-based representation of two lines.\n\n        Estimate the ratio of the shorter line to the longer line as a decimal number between 0 and 1.\n\n        The given data is noisy and may contain artifacts. For 10 previous observations, the values were observed to lie in the range of 0.1 to 0.5.     \n\n        Do not explain or reason. Only output the final answer as a number after Final Answer:\n""}, {""role"": ""user"", ""content"": ""\nHere is the text-based representation of two lines.\n\n|-=-=-----                               |\n|-------------------------.------ -------| \n\nFinal Answer:\n""}, {""role"": ""assistant"", ""content"": ""0.5""}, {""role"": ""user"", ""content"": ""\nHere is the text-based representation of two lines.\n\n|------------.-~----                     |\n|-------------.~-------------------------| \n\nFinal Answer:\n""}]",0.5
mistralai/mistral-small-3.2-24b-instruct,sample_003,0.3928,0.3928,0.3928,0.4,"[{""role"": ""system"", ""content"": ""You are a lines length ratio estimator.\n        You are given a text-based representation of two lines.\n\n        Estimate the ratio of the shorter line to the longer line as a decimal number between 0 and 1.\n\n        The given data is noisy and may contain artifacts. For 10 previous observations, the values were observed to lie in the range of 0.1 to 0.5.     \n\n        Do not explain or reason. Only output the final answer as a number after Final Answer:\n""}, {""role"": ""user"", ""content"": ""\nHere is the text-based representation of two lines.\n\n|-=-=-----                               |\n|-------------------------.------ -------| \n\nFinal Answer:\n""}, {""role"": ""assistant"", ""content"": ""0.5""}, {""role"": ""user"", ""content"": ""\nHere is the text-based representation of two lines.\n\n|------------.-~----                     |\n|-------------.~-------------------------| \n\nFinal Answer:\n""}, {""role"": ""assistant"", ""content"": ""0.5""}, {""role"": ""user"", ""content"": ""\nHere is the text-based representation of two lines.\n\n|-----~---=-----                         |\n|---------------------------=------~-----| \n\nFinal Answer:\n""}]",0.4
mistralai/mistral-small-3.2-24b-instruct,sample_004,0.3395,0.3395,0.3395,0.4,"[{""role"": ""system"", ""content"": ""You are a lines length ratio estimator.\n        You are given a text-based representation of two lines.\n\n        Estimate the ratio of the shorter line to the longer line as a decimal number between 0 and 1.\n\n        The given data is noisy and may contain artifacts. For 10 previous observations, the values were observed to lie in the range of 0.1 to 0.5.     \n\n        Do not explain or reason. Only output the final answer as a number after Final Answer:\n""}, {""role"": ""user"", ""content"": ""\nHere is the text-based representation of two lines.\n\n|-=-=-----                               |\n|-------------------------.------ -------| \n\nFinal Answer:\n""}, {""role"": ""assistant"", ""content"": ""0.5""}, {""role"": ""user"", ""content"": ""\nHere is the text-based representation of two lines.\n\n|------------.-~----                     |\n|-------------.~-------------------------| \n\nFinal Answer:\n""}, {""role"": ""assistant"", ""content"": ""0.5""}, {""role"": ""user"", ""content"": ""\nHere is the text-based representation of two lines.\n\n|-----~---=-----                         |\n|---------------------------=------~-----| \n\nFinal Answer:\n""}, {""role"": ""assistant"", ""content"": ""0.4""}, {""role"": ""user"", ""content"": ""\nHere is the text-based representation of two lines.\n\n|----------~-                            |\n|--------- -------------=----------------| \n\nFinal Answer:\n""}]",0.4
mistralai/mistral-small-3.2-24b-instruct,sample_005,0.1624,0.1624,0.1624,0.3,"[{""role"": ""system"", ""content"": ""You are a lines length ratio estimator.\n        You are given a text-based representation of two lines.\n\n        Estimate the ratio of the shorter line to the longer line as a decimal number between 0 and 1.\n\n        The given data is noisy and may contain artifacts. For 10 previous observations, the values were observed to lie in the range of 0.1 to 0.5.     \n\n        Do not explain or reason. Only output the final answer as a number after Final Answer:\n""}, {""role"": ""user"", ""content"": ""\nHere is the text-based representation of two lines.\n\n|-=-=-----                               |\n|-------------------------.------ -------| \n\nFinal Answer:\n""}, {""role"": ""assistant"", ""content"": ""0.5""}, {""role"": ""user"", ""content"": ""\nHere is the text-based representation of two lines.\n\n|------------.-~----                     |\n|-------------.~-------------------------| \n\nFinal Answer:\n""}, {""role"": ""assistant"", ""content"": ""0.5""}, {""role"": ""user"", ""content"": ""\nHere is the text-based representation of two lines.\n\n|-----~---=-----                         |\n|---------------------------=------~-----| \n\nFinal Answer:\n""}, {""role"": ""assistant"", ""content"": ""0.4""}, {""role"": ""user"", ""content"": ""\nHere is the text-based representation of two lines.\n\n|----------~-                            |\n|--------- -------------=----------------| \n\nFinal Answer:\n""}, {""role"": ""assistant"", ""content"": ""0.4""}, {""role"": ""user"", ""content"": ""\nHere is the text-based representation of two lines.\n\n|-----                                   |\n|------------------------- ------ -------| \n\nFinal Answer:\n""}]",0.3
mistralai/mistral-small-3.2-24b-instruct,sample_006,0.1624,0.1624,0.1624,0.2,"[{""role"": ""system"", ""content"": ""You are a lines length ratio estimator.\n        You are given a text-based representation of two lines.\n\n        Estimate the ratio of the shorter line to the longer line as a decimal number between 0 and 1.\n\n        The given data is noisy and may contain artifacts. For 10 previous observations, the values were observed to lie in the range of 0.1 to 0.5.     \n\n        Do not explain or reason. Only output the final answer as a number after Final Answer:\n""}, {""role"": ""user"", ""content"": ""\nHere is the text-based representation of two lines.\n\n|-=-=-----                               |\n|-------------------------.------ -------| \n\nFinal Answer:\n""}, {""role"": ""assistant"", ""content"": ""0.5""}, {""role"": ""user"", ""content"": ""\nHere is the text-based representation of two lines.\n\n|------------.-~----                     |\n|-------------.~-------------------------| \n\nFinal Answer:\n""}, {""role"": ""assistant"", ""content"": ""0.5""}, {""role"": ""user"", ""content"": ""\nHere is the text-based representation of two lines.\n\n|-----~---=-----                         |\n|---------------------------=------~-----| \n\nFinal Answer:\n""}, {""role"": ""assistant"", ""content"": ""0.4""}, {""role"": ""user"", ""content"": ""\nHere is the text-based representation of two lines.\n\n|----------~-                            |\n|--------- -------------=----------------| \n\nFinal Answer:\n""}, {""role"": ""assistant"", ""content"": ""0.4""}, {""role"": ""user"", ""content"": ""\nHere is the text-based representation of two lines.\n\n|-----                                   |\n|------------------------- ------ -------| \n\nFinal Answer:\n""}, {""role"": ""assistant"", ""content"": ""0.3""}, {""role"": ""user"", ""content"": ""\nHere is the text-based representation of two lines.\n\n|---.-.                                  |\n|------------------=-------------.-------| \n\nFinal Answer:\n""}]",0.2
mistralai/mistral-small-3.2-24b-instruct,sample_007,0.1232,0.1232,0.1232,0.2,"[{""role"": ""system"", ""content"": ""You are a lines length ratio estimator.\n        You are given a text-based representation of two lines.\n\n        Estimate the ratio of the shorter line to the longer line as a decimal number between 0 and 1.\n\n        The given data is noisy and may contain artifacts. For 10 previous observations, the values were observed to lie in the range of 0.1 to 0.5.     \n\n        Do not explain or reason. Only output the final answer as a number after Final Answer:\n""}, {""role"": ""user"", ""content"": ""\nHere is the text-based representation of two lines.\n\n|-=-=-----                               |\n|-------------------------.------ -------| \n\nFinal Answer:\n""}, {""role"": ""assistant"", ""content"": ""0.5""}, {""role"": ""user"", ""content"": ""\nHere is the text-based representation of two lines.\n\n|------------.-~----                     |\n|-------------.~-------------------------| \n\nFinal Answer:\n""}, {""role"": ""assistant"", ""content"": ""0.5""}, {""role"": ""user"", ""content"": ""\nHere is the text-based representation of two lines.\n\n|-----~---=-----                         |\n|---------------------------=------~-----| \n\nFinal Answer:\n""}, {""role"": ""assistant"", ""content"": ""0.4""}, {""role"": ""user"", ""content"": ""\nHere is the text-based representation of two lines.\n\n|----------~-                            |\n|--------- -------------=----------------| \n\nFinal Answer:\n""}, {""role"": ""assistant"", ""content"": ""0.4""}, {""role"": ""user"", ""content"": ""\nHere is the text-based representation of two lines.\n\n|-----                                   |\n|------------------------- ------ -------| \n\nFinal Answer:\n""}, {""role"": ""assistant"", ""content"": ""0.3""}, {""role"": ""user"", ""content"": ""\nHere is the text-based representation of two lines.\n\n|---.-.                                  |\n|------------------=-------------.-------| \n\nFinal Answer:\n""}, {""role"": ""assistant"", ""content"": ""0.2""}, {""role"": ""user"", ""content"": ""\nHere is the text-based representation of two lines.\n\n|.-~-                                    |\n|-----=---------.------------------------| \n\nFinal Answer:\n""}]",0.2
mistralai/mistral-small-3.2-24b-instruct,sample_008,0.4465,0.4465,0.4465,0.3,"[{""role"": ""system"", ""content"": ""You are a lines length ratio estimator.\n        You are given a text-based representation of two lines.\n\n        Estimate the ratio of the shorter line to the longer line as a decimal number between 0 and 1.\n\n        The given data is noisy and may contain artifacts. For 10 previous observations, the values were observed to lie in the range of 0.1 to 0.5.     \n\n        Do not explain or reason. Only output the final answer as a number after Final Answer:\n""}, {""role"": ""user"", ""content"": ""\nHere is the text-based representation of two lines.\n\n|-=-=-----                               |\n|-------------------------.------ -------| \n\nFinal Answer:\n""}, {""role"": ""assistant"", ""content"": ""0.5""}, {""role"": ""user"", ""content"": ""\nHere is the text-based representation of two lines.\n\n|------------.-~----                     |\n|-------------.~-------------------------| \n\nFinal Answer:\n""}, {""role"": ""assistant"", ""content"": ""0.5""}, {""role"": ""user"", ""content"": ""\nHere is the text-based representation of two lines.\n\n|-----~---=-----                         |\n|---------------------------=------~-----| \n\nFinal Answer:\n""}, {""role"": ""assistant"", ""content"": ""0.4""}, {""role"": ""user"", ""content"": ""\nHere is the text-based representation of two lines.\n\n|----------~-                            |\n|--------- -------------=----------------| \n\nFinal Answer:\n""}, {""role"": ""assistant"", ""content"": ""0.4""}, {""role"": ""user"", ""content"": ""\nHere is the text-based representation of two lines.\n\n|-----                                   |\n|------------------------- ------ -------| \n\nFinal Answer:\n""}, {""role"": ""assistant"", ""content"": ""0.3""}, {""role"": ""user"", ""content"": ""\nHere is the text-based representation of two lines.\n\n|---.-.                                  |\n|------------------=-------------.-------| \n\nFinal Answer:\n""}, {""role"": ""assistant"", ""content"": ""0.2""}, {""role"": ""user"", ""content"": ""\nHere is the text-based representation of two lines.\n\n|.-~-                                    |\n|-----=---------.------------------------| \n\nFinal Answer:\n""}, {""role"": ""assistant"", ""content"": ""0.2""}, {""role"": ""user"", ""content"": ""\nHere is the text-based representation of two lines.\n\n|- -------.-------                       |\n|-----=---------------------------------.| \n\nFinal Answer:\n""}]",0.3
mistralai/mistral-small-3.2-24b-instruct,sample_009,0.3404,0.3404,0.3404,0.4,"[{""role"": ""system"", ""content"": ""You are a lines length ratio estimator.\n        You are given a text-based representation of two lines.\n\n        Estimate the ratio of the shorter line to the longer line as a decimal number between 0 and 1.\n\n        The given data is noisy and may contain artifacts. For 10 previous observations, the values were observed to lie in the range of 0.1 to 0.5.     \n\n        Do not explain or reason. Only output the final answer as a number after Final Answer:\n""}, {""role"": ""user"", ""content"": ""\nHere is the text-based representation of two lines.\n\n|-=-=-----                               |\n|-------------------------.------ -------| \n\nFinal Answer:\n""}, {""role"": ""assistant"", ""content"": ""0.5""}, {""role"": ""user"", ""content"": ""\nHere is the text-based representation of two lines.\n\n|------------.-~----                     |\n|-------------.~-------------------------| \n\nFinal Answer:\n""}, {""role"": ""assistant"", ""content"": ""0.5""}, {""role"": ""user"", ""content"": ""\nHere is the text-based representation of two lines.\n\n|-----~---=-----                         |\n|---------------------------=------~-----| \n\nFinal Answer:\n""}, {""role"": ""assistant"", ""content"": ""0.4""}, {""role"": ""user"", ""content"": ""\nHere is the text-based representation of two lines.\n\n|----------~-                            |\n|--------- -------------=----------------| \n\nFinal Answer:\n""}, {""role"": ""assistant"", ""content"": ""0.4""}, {""role"": ""user"", ""content"": ""\nHere is the text-based representation of two lines.\n\n|-----                                   |\n|------------------------- ------ -------| \n\nFinal Answer:\n""}, {""role"": ""assistant"", ""content"": ""0.3""}, {""role"": ""user"", ""content"": ""\nHere is the text-based representation of two lines.\n\n|---.-.                                  |\n|------------------=-------------.-------| \n\nFinal Answer:\n""}, {""role"": ""assistant"", ""content"": ""0.2""}, {""role"": ""user"", ""content"": ""\nHere is the text-based representation of two lines.\n\n|.-~-                                    |\n|-----=---------.------------------------| \n\nFinal Answer:\n""}, {""role"": ""assistant"", ""content"": ""0.2""}, {""role"": ""user"", ""content"": ""\nHere is the text-based representation of two lines.\n\n|- -------.-------                       |\n|-----=---------------------------------.| \n\nFinal Answer:\n""}, {""role"": ""assistant"", ""content"": ""0.3""}, {""role"": ""user"", ""content"": ""\nHere is the text-based representation of two lines.\n\n|--- =--------                           |\n|------.---------------------~-----------| \n\nFinal Answer:\n""}]",0.4
mistralai/mistral-small-3.2-24b-instruct,sample_010,0.3832,0.3832,0.3832,0.5,"[{""role"": ""system"", ""content"": ""You are a lines length ratio estimator.\n        You are given a text-based representation of two lines.\n\n        Estimate the ratio of the shorter line to the longer line as a decimal number between 0 and 1.\n\n        The given data is noisy and may contain artifacts. For 10 previous observations, the values were observed to lie in the range of 0.1 to 0.5.     \n\n        Do not explain or reason. Only output the final answer as a number after Final Answer:\n""}, {""role"": ""user"", ""content"": ""\nHere is the text-based representation of two lines.\n\n|-=-=-----                               |\n|-------------------------.------ -------| \n\nFinal Answer:\n""}, {""role"": ""assistant"", ""content"": ""0.5""}, {""role"": ""user"", ""content"": ""\nHere is the text-based representation of two lines.\n\n|------------.-~----                     |\n|-------------.~-------------------------| \n\nFinal Answer:\n""}, {""role"": ""assistant"", ""content"": ""0.5""}, {""role"": ""user"", ""content"": ""\nHere is the text-based representation of two lines.\n\n|-----~---=-----                         |\n|---------------------------=------~-----| \n\nFinal Answer:\n""}, {""role"": ""assistant"", ""content"": ""0.4""}, {""role"": ""user"", ""content"": ""\nHere is the text-based representation of two lines.\n\n|----------~-                            |\n|--------- -------------=----------------| \n\nFinal Answer:\n""}, {""role"": ""assistant"", ""content"": ""0.4""}, {""role"": ""user"", ""content"": ""\nHere is the text-based representation of two lines.\n\n|-----                                   |\n|------------------------- ------ -------| \n\nFinal Answer:\n""}, {""role"": ""assistant"", ""content"": ""0.3""}, {""role"": ""user"", ""content"": ""\nHere is the text-based representation of two lines.\n\n|---.-.                                  |\n|------------------=-------------.-------| \n\nFinal Answer:\n""}, {""role"": ""assistant"", ""content"": ""0.2""}, {""role"": ""user"", ""content"": ""\nHere is the text-based representation of two lines.\n\n|.-~-                                    |\n|-----=---------.------------------------| \n\nFinal Answer:\n""}, {""role"": ""assistant"", ""content"": ""0.2""}, {""role"": ""user"", ""content"": ""\nHere is the text-based representation of two lines.\n\n|- -------.-------                       |\n|-----=---------------------------------.| \n\nFinal Answer:\n""}, {""role"": ""assistant"", ""content"": ""0.3""}, {""role"": ""user"", ""content"": ""\nHere is the text-based representation of two lines.\n\n|--- =--------                           |\n|------.---------------------~-----------| \n\nFinal Answer:\n""}, {""role"": ""assistant"", ""content"": ""0.4""}, {""role"": ""user"", ""content"": ""\nHere is the text-based representation of two lines.\n\n|------ ------.-                         |\n|------------------~---------- ----------| \n\nFinal Answer:\n""}]",0.5
mistralai/mistral-small-3.2-24b-instruct,sample_001,0.2498,0.2498,0.2498,0.4,"[{""role"": ""system"", ""content"": ""You are a lines length ratio estimator.\n        You are given a text-based representation of two lines.\n\n        Estimate the ratio of the shorter line to the longer line as a decimal number between 0 and 1.\n\n        The given data is noisy and may contain artifacts. For 10 previous observations, the values were observed to lie in the range of 0.1 to 0.5.     \n\n        Do not explain or reason. Only output the final answer as a number after Final Answer:\n""}, {""role"": ""user"", ""content"": ""\nHere is the text-based representation of two lines.\n\n|-=-=-----                               |\n|-------------------------.------ -------| \n\nFinal Answer:\n""}]",Final Answer: 0.4
mistralai/mistral-small-3.2-24b-instruct,sample_002,0.4803,0.4803,0.4803,0.4,"[{""role"": ""system"", ""content"": ""You are a lines length ratio estimator.\n        You are given a text-based representation of two lines.\n\n        Estimate the ratio of the shorter line to the longer line as a decimal number between 0 and 1.\n\n        The given data is noisy and may contain artifacts. For 10 previous observations, the values were observed to lie in the range of 0.1 to 0.5.     \n\n        Do not explain or reason. Only output the final answer as a number after Final Answer:\n""}, {""role"": ""user"", ""content"": ""\nHere is the text-based representation of two lines.\n\n|-=-=-----                               |\n|-------------------------.------ -------| \n\nFinal Answer:\n""}, {""role"": ""assistant"", ""content"": ""Final Answer: 0.4""}, {""role"": ""user"", ""content"": ""\nHere is the text-based representation of two lines.\n\n|------------.-~----                     |\n|-------------.~-------------------------| \n\nFinal Answer:\n""}]",Final Answer: 0.4
mistralai/mistral-small-3.2-24b-instruct,sample_003,0.3928,0.3928,0.3928,0.3,"[{""role"": ""system"", ""content"": ""You are a lines length ratio estimator.\n        You are given a text-based representation of two lines.\n\n        Estimate the ratio of the shorter line to the longer line as a decimal number between 0 and 1.\n\n        The given data is noisy and may contain artifacts. For 10 previous observations, the values were observed to lie in the range of 0.1 to 0.5.     \n\n        Do not explain or reason. Only output the final answer as a number after Final Answer:\n""}, {""role"": ""user"", ""content"": ""\nHere is the text-based representation of two lines.\n\n|-=-=-----                               |\n|-------------------------.------ -------| \n\nFinal Answer:\n""}, {""role"": ""assistant"", ""content"": ""Final Answer: 0.4""}, {""role"": ""user"", ""content"": ""\nHere is the text-based representation of two lines.\n\n|------------.-~----                     |\n|-------------.~-------------------------| \n\nFinal Answer:\n""}, {""role"": ""assistant"", ""content"": ""Final Answer: 0.4""}, {""role"": ""user"", ""content"": ""\nHere is the text-based representation of two lines.\n\n|-----~---=-----                         |\n|---------------------------=------~-----| \n\nFinal Answer:\n""}]",Final Answer: 0.3
mistralai/mistral-small-3.2-24b-instruct,sample_004,0.3395,0.3395,0.3395,0.4,"[{""role"": ""system"", ""content"": ""You are a lines length ratio estimator.\n        You are given a text-based representation of two lines.\n\n        Estimate the ratio of the shorter line to the longer line as a decimal number between 0 and 1.\n\n        The given data is noisy and may contain artifacts. For 10 previous observations, the values were observed to lie in the range of 0.1 to 0.5.     \n\n        Do not explain or reason. Only output the final answer as a number after Final Answer:\n""}, {""role"": ""user"", ""content"": ""\nHere is the text-based representation of two lines.\n\n|-=-=-----                               |\n|-------------------------.------ -------| \n\nFinal Answer:\n""}, {""role"": ""assistant"", ""content"": ""Final Answer: 0.4""}, {""role"": ""user"", ""content"": ""\nHere is the text-based representation of two lines.\n\n|------------.-~----                     |\n|-------------.~-------------------------| \n\nFinal Answer:\n""}, {""role"": ""assistant"", ""content"": ""Final Answer: 0.4""}, {""role"": ""user"", ""content"": ""\nHere is the text-based representation of two lines.\n\n|-----~---=-----                         |\n|---------------------------=------~-----| \n\nFinal Answer:\n""}, {""role"": ""assistant"", ""content"": ""Final Answer: 0.3""}, {""role"": ""user"", ""content"": ""\nHere is the text-based representation of two lines.\n\n|----------~-                            |\n|--------- -------------=----------------| \n\nFinal Answer:\n""}]",Final Answer: 0.4
mistralai/mistral-small-3.2-24b-instruct,sample_005,0.1624,0.1624,0.1624,0.3,"[{""role"": ""system"", ""content"": ""You are a lines length ratio estimator.\n        You are given a text-based representation of two lines.\n\n        Estimate the ratio of the shorter line to the longer line as a decimal number between 0 and 1.\n\n        The given data is noisy and may contain artifacts. For 10 previous observations, the values were observed to lie in the range of 0.1 to 0.5.     \n\n        Do not explain or reason. Only output the final answer as a number after Final Answer:\n""}, {""role"": ""user"", ""content"": ""\nHere is the text-based representation of two lines.\n\n|-=-=-----                               |\n|-------------------------.------ -------| \n\nFinal Answer:\n""}, {""role"": ""assistant"", ""content"": ""Final Answer: 0.4""}, {""role"": ""user"", ""content"": ""\nHere is the text-based representation of two lines.\n\n|------------.-~----                     |\n|-------------.~-------------------------| \n\nFinal Answer:\n""}, {""role"": ""assistant"", ""content"": ""Final Answer: 0.4""}, {""role"": ""user"", ""content"": ""\nHere is the text-based representation of two lines.\n\n|-----~---=-----                         |\n|---------------------------=------~-----| \n\nFinal Answer:\n""}, {""role"": ""assistant"", ""content"": ""Final Answer: 0.3""}, {""role"": ""user"", ""content"": ""\nHere is the text-based representation of two lines.\n\n|----------~-                            |\n|--------- -------------=----------------| \n\nFinal Answer:\n""}, {""role"": ""assistant"", ""content"": ""Final Answer: 0.4""}, {""role"": ""user"", ""content"": ""\nHere is the text-based representation of two lines.\n\n|-----                                   |\n|------------------------- ------ -------| \n\nFinal Answer:\n""}]",Final Answer: 0.3
mistralai/mistral-small-3.2-24b-instruct,sample_006,0.1624,0.1624,0.1624,0.3,"[{""role"": ""system"", ""content"": ""You are a lines length ratio estimator.\n        You are given a text-based representation of two lines.\n\n        Estimate the ratio of the shorter line to the longer line as a decimal number between 0 and 1.\n\n        The given data is noisy and may contain artifacts. For 10 previous observations, the values were observed to lie in the range of 0.1 to 0.5.     \n\n        Do not explain or reason. Only output the final answer as a number after Final Answer:\n""}, {""role"": ""user"", ""content"": ""\nHere is the text-based representation of two lines.\n\n|-=-=-----                               |\n|-------------------------.------ -------| \n\nFinal Answer:\n""}, {""role"": ""assistant"", ""content"": ""Final Answer: 0.4""}, {""role"": ""user"", ""content"": ""\nHere is the text-based representation of two lines.\n\n|------------.-~----                     |\n|-------------.~-------------------------| \n\nFinal Answer:\n""}, {""role"": ""assistant"", ""content"": ""Final Answer: 0.4""}, {""role"": ""user"", ""content"": ""\nHere is the text-based representation of two lines.\n\n|-----~---=-----                         |\n|---------------------------=------~-----| \n\nFinal Answer:\n""}, {""role"": ""assistant"", ""content"": ""Final Answer: 0.3""}, {""role"": ""user"", ""content"": ""\nHere is the text-based representation of two lines.\n\n|----------~-                            |\n|--------- -------------=----------------| \n\nFinal Answer:\n""}, {""role"": ""assistant"", ""content"": ""Final Answer: 0.4""}, {""role"": ""user"", ""content"": ""\nHere is the text-based representation of two lines.\n\n|-----                                   |\n|------------------------- ------ -------| \n\nFinal Answer:\n""}, {""role"": ""assistant"", ""content"": ""Final Answer: 0.3""}, {""role"": ""user"", ""content"": ""\nHere is the text-based representation of two lines.\n\n|---.-.                                  |\n|------------------=-------------.-------| \n\nFinal Answer:\n""}]",Final Answer: 0.3
mistralai/mistral-small-3.2-24b-instruct,sample_007,0.1232,0.1232,0.1232,0.2,"[{""role"": ""system"", ""content"": ""You are a lines length ratio estimator.\n        You are given a text-based representation of two lines.\n\n        Estimate the ratio of the shorter line to the longer line as a decimal number between 0 and 1.\n\n        The given data is noisy and may contain artifacts. For 10 previous observations, the values were observed to lie in the range of 0.1 to 0.5.     \n\n        Do not explain or reason. Only output the final answer as a number after Final Answer:\n""}, {""role"": ""user"", ""content"": ""\nHere is the text-based representation of two lines.\n\n|-=-=-----                               |\n|-------------------------.------ -------| \n\nFinal Answer:\n""}, {""role"": ""assistant"", ""content"": ""Final Answer: 0.4""}, {""role"": ""user"", ""content"": ""\nHere is the text-based representation of two lines.\n\n|------------.-~----                     |\n|-------------.~-------------------------| \n\nFinal Answer:\n""}, {""role"": ""assistant"", ""content"": ""Final Answer: 0.4""}, {""role"": ""user"", ""content"": ""\nHere is the text-based representation of two lines.\n\n|-----~---=-----                         |\n|---------------------------=------~-----| \n\nFinal Answer:\n""}, {""role"": ""assistant"", ""content"": ""Final Answer: 0.3""}, {""role"": ""user"", ""content"": ""\nHere is the text-based representation of two lines.\n\n|----------~-                            |\n|--------- -------------=----------------| \n\nFinal Answer:\n""}, {""role"": ""assistant"", ""content"": ""Final Answer: 0.4""}, {""role"": ""user"", ""content"": ""\nHere is the text-based representation of two lines.\n\n|-----                                   |\n|------------------------- ------ -------| \n\nFinal Answer:\n""}, {""role"": ""assistant"", ""content"": ""Final Answer: 0.3""}, {""role"": ""user"", ""content"": ""\nHere is the text-based representation of two lines.\n\n|---.-.                                  |\n|------------------=-------------.-------| \n\nFinal Answer:\n""}, {""role"": ""assistant"", ""content"": ""Final Answer: 0.3""}, {""role"": ""user"", ""content"": ""\nHere is the text-based representation of two lines.\n\n|.-~-                                    |\n|-----=---------.------------------------| \n\nFinal Answer:\n""}]",Final Answer: 0.2
mistralai/mistral-small-3.2-24b-instruct,sample_008,0.4465,0.4465,0.4465,0.3,"[{""role"": ""system"", ""content"": ""You are a lines length ratio estimator.\n        You are given a text-based representation of two lines.\n\n        Estimate the ratio of the shorter line to the longer line as a decimal number between 0 and 1.\n\n        The given data is noisy and may contain artifacts. For 10 previous observations, the values were observed to lie in the range of 0.1 to 0.5.     \n\n        Do not explain or reason. Only output the final answer as a number after Final Answer:\n""}, {""role"": ""user"", ""content"": ""\nHere is the text-based representation of two lines.\n\n|-=-=-----                               |\n|-------------------------.------ -------| \n\nFinal Answer:\n""}, {""role"": ""assistant"", ""content"": ""Final Answer: 0.4""}, {""role"": ""user"", ""content"": ""\nHere is the text-based representation of two lines.\n\n|------------.-~----                     |\n|-------------.~-------------------------| \n\nFinal Answer:\n""}, {""role"": ""assistant"", ""content"": ""Final Answer: 0.4""}, {""role"": ""user"", ""content"": ""\nHere is the text-based representation of two lines.\n\n|-----~---=-----                         |\n|---------------------------=------~-----| \n\nFinal Answer:\n""}, {""role"": ""assistant"", ""content"": ""Final Answer: 0.3""}, {""role"": ""user"", ""content"": ""\nHere is the text-based representation of two lines.\n\n|----------~-                            |\n|--------- -------------=----------------| \n\nFinal Answer:\n""}, {""role"": ""assistant"", ""content"": ""Final Answer: 0.4""}, {""role"": ""user"", ""content"": ""\nHere is the text-based representation of two lines.\n\n|-----                                   |\n|------------------------- ------ -------| \n\nFinal Answer:\n""}, {""role"": ""assistant"", ""content"": ""Final Answer: 0.3""}, {""role"": ""user"", ""content"": ""\nHere is the text-based representation of two lines.\n\n|---.-.                                  |\n|------------------=-------------.-------| \n\nFinal Answer:\n""}, {""role"": ""assistant"", ""content"": ""Final Answer: 0.3""}, {""role"": ""user"", ""content"": ""\nHere is the text-based representation of two lines.\n\n|.-~-                                    |\n|-----=---------.------------------------| \n\nFinal Answer:\n""}, {""role"": ""assistant"", ""content"": ""Final Answer: 0.2""}, {""role"": ""user"", ""content"": ""\nHere is the text-based representation of two lines.\n\n|- -------.-------                       |\n|-----=---------------------------------.| \n\nFinal Answer:\n""}]",Final Answer: 0.3
mistralai/mistral-small-3.2-24b-instruct,sample_009,0.3404,0.3404,0.3404,0.4,"[{""role"": ""system"", ""content"": ""You are a lines length ratio estimator.\n        You are given a text-based representation of two lines.\n\n        Estimate the ratio of the shorter line to the longer line as a decimal number between 0 and 1.\n\n        The given data is noisy and may contain artifacts. For 10 previous observations, the values were observed to lie in the range of 0.1 to 0.5.     \n\n        Do not explain or reason. Only output the final answer as a number after Final Answer:\n""}, {""role"": ""user"", ""content"": ""\nHere is the text-based representation of two lines.\n\n|-=-=-----                               |\n|-------------------------.------ -------| \n\nFinal Answer:\n""}, {""role"": ""assistant"", ""content"": ""Final Answer: 0.4""}, {""role"": ""user"", ""content"": ""\nHere is the text-based representation of two lines.\n\n|------------.-~----                     |\n|-------------.~-------------------------| \n\nFinal Answer:\n""}, {""role"": ""assistant"", ""content"": ""Final Answer: 0.4""}, {""role"": ""user"", ""content"": ""\nHere is the text-based representation of two lines.\n\n|-----~---=-----                         |\n|---------------------------=------~-----| \n\nFinal Answer:\n""}, {""role"": ""assistant"", ""content"": ""Final Answer: 0.3""}, {""role"": ""user"", ""content"": ""\nHere is the text-based representation of two lines.\n\n|----------~-                            |\n|--------- -------------=----------------| \n\nFinal Answer:\n""}, {""role"": ""assistant"", ""content"": ""Final Answer: 0.4""}, {""role"": ""user"", ""content"": ""\nHere is the text-based representation of two lines.\n\n|-----                                   |\n|------------------------- ------ -------| \n\nFinal Answer:\n""}, {""role"": ""assistant"", ""content"": ""Final Answer: 0.3""}, {""role"": ""user"", ""content"": ""\nHere is the text-based representation of two lines.\n\n|---.-.                                  |\n|------------------=-------------.-------| \n\nFinal Answer:\n""}, {""role"": ""assistant"", ""content"": ""Final Answer: 0.3""}, {""role"": ""user"", ""content"": ""\nHere is the text-based representation of two lines.\n\n|.-~-                                    |\n|-----=---------.------------------------| \n\nFinal Answer:\n""}, {""role"": ""assistant"", ""content"": ""Final Answer: 0.2""}, {""role"": ""user"", ""content"": ""\nHere is the text-based representation of two lines.\n\n|- -------.-------                       |\n|-----=---------------------------------.| \n\nFinal Answer:\n""}, {""role"": ""assistant"", ""content"": ""Final Answer: 0.3""}, {""role"": ""user"", ""content"": ""\nHere is the text-based representation of two lines.\n\n|--- =--------                           |\n|------.---------------------~-----------| \n\nFinal Answer:\n""}]",Final Answer: 0.4
mistralai/mistral-small-3.2-24b-instruct,sample_010,0.3832,0.3832,0.3832,0.3,"[{""role"": ""system"", ""content"": ""You are a lines length ratio estimator.\n        You are given a text-based representation of two lines.\n\n        Estimate the ratio of the shorter line to the longer line as a decimal number between 0 and 1.\n\n        The given data is noisy and may contain artifacts. For 10 previous observations, the values were observed to lie in the range of 0.1 to 0.5.     \n\n        Do not explain or reason. Only output the final answer as a number after Final Answer:\n""}, {""role"": ""user"", ""content"": ""\nHere is the text-based representation of two lines.\n\n|-=-=-----                               |\n|-------------------------.------ -------| \n\nFinal Answer:\n""}, {""role"": ""assistant"", ""content"": ""Final Answer: 0.4""}, {""role"": ""user"", ""content"": ""\nHere is the text-based representation of two lines.\n\n|------------.-~----                     |\n|-------------.~-------------------------| \n\nFinal Answer:\n""}, {""role"": ""assistant"", ""content"": ""Final Answer: 0.4""}, {""role"": ""user"", ""content"": ""\nHere is the text-based representation of two lines.\n\n|-----~---=-----                         |\n|---------------------------=------~-----| \n\nFinal Answer:\n""}, {""role"": ""assistant"", ""content"": ""Final Answer: 0.3""}, {""role"": ""user"", ""content"": ""\nHere is the text-based representation of two lines.\n\n|----------~-                            |\n|--------- -------------=----------------| \n\nFinal Answer:\n""}, {""role"": ""assistant"", ""content"": ""Final Answer: 0.4""}, {""role"": ""user"", ""content"": ""\nHere is the text-based representation of two lines.\n\n|-----                                   |\n|------------------------- ------ -------| \n\nFinal Answer:\n""}, {""role"": ""assistant"", ""content"": ""Final Answer: 0.3""}, {""role"": ""user"", ""content"": ""\nHere is the text-based representation of two lines.\n\n|---.-.                                  |\n|------------------=-------------.-------| \n\nFinal Answer:\n""}, {""role"": ""assistant"", ""content"": ""Final Answer: 0.3""}, {""role"": ""user"", ""content"": ""\nHere is the text-based representation of two lines.\n\n|.-~-                                    |\n|-----=---------.------------------------| \n\nFinal Answer:\n""}, {""role"": ""assistant"", ""content"": ""Final Answer: 0.2""}, {""role"": ""user"", ""content"": ""\nHere is the text-based representation of two lines.\n\n|- -------.-------                       |\n|-----=---------------------------------.| \n\nFinal Answer:\n""}, {""role"": ""assistant"", ""content"": ""Final Answer: 0.3""}, {""role"": ""user"", ""content"": ""\nHere is the text-based representation of two lines.\n\n|--- =--------                           |\n|------.---------------------~-----------| \n\nFinal Answer:\n""}, {""role"": ""assistant"", ""content"": ""Final Answer: 0.4""}, {""role"": ""user"", ""content"": ""\nHere is the text-based representation of two lines.\n\n|------ ------.-                         |\n|------------------~---------- ----------| \n\nFinal Answer:\n""}]",Final Answer: 0.3
mistralai/mistral-small-3.2-24b-instruct,sample_001,0.2498,0.2498,0.2498,0.4,"[{""role"": ""system"", ""content"": ""You are a lines length ratio estimator.\n        You are given a text-based representation of two lines.\n\n        Estimate the ratio of the shorter line to the longer line as a decimal number between 0 and 1.\n\n        The given data is noisy and may contain artifacts. For 10 previous observations, the values were observed to lie in the range of 0.1 to 0.5.     \n\n        Do not explain or reason. Only output the final answer as a number after Final Answer:\n""}, {""role"": ""user"", ""content"": ""\nHere is the text-based representation of two lines.\n\n|-=-=-----                               |\n|-------------------------.------ -------| \n\nFinal Answer:\n""}]",Final Answer: 0.4
mistralai/mistral-small-3.2-24b-instruct,sample_002,0.4803,0.4803,0.4803,0.4,"[{""role"": ""system"", ""content"": ""You are a lines length ratio estimator.\n        You are given a text-based representation of two lines.\n\n        Estimate the ratio of the shorter line to the longer line as a decimal number between 0 and 1.\n\n        The given data is noisy and may contain artifacts. For 10 previous observations, the values were observed to lie in the range of 0.1 to 0.5.     \n\n        Do not explain or reason. Only output the final answer as a number after Final Answer:\n""}, {""role"": ""user"", ""content"": ""\nHere is the text-based representation of two lines.\n\n|-=-=-----                               |\n|-------------------------.------ -------| \n\nFinal Answer:\n""}, {""role"": ""assistant"", ""content"": ""Final Answer: 0.4""}, {""role"": ""user"", ""content"": ""\nHere is the text-based representation of two lines.\n\n|------------.-~----                     |\n|-------------.~-------------------------| \n\nFinal Answer:\n""}]",Final Answer: 0.4
mistralai/mistral-small-3.2-24b-instruct,sample_003,0.3928,0.3928,0.3928,0.3,"[{""role"": ""system"", ""content"": ""You are a lines length ratio estimator.\n        You are given a text-based representation of two lines.\n\n        Estimate the ratio of the shorter line to the longer line as a decimal number between 0 and 1.\n\n        The given data is noisy and may contain artifacts. For 10 previous observations, the values were observed to lie in the range of 0.1 to 0.5.     \n\n        Do not explain or reason. Only output the final answer as a number after Final Answer:\n""}, {""role"": ""user"", ""content"": ""\nHere is the text-based representation of two lines.\n\n|-=-=-----                               |\n|-------------------------.------ -------| \n\nFinal Answer:\n""}, {""role"": ""assistant"", ""content"": ""Final Answer: 0.4""}, {""role"": ""user"", ""content"": ""\nHere is the text-based representation of two lines.\n\n|------------.-~----                     |\n|-------------.~-------------------------| \n\nFinal Answer:\n""}, {""role"": ""assistant"", ""content"": ""Final Answer: 0.4""}, {""role"": ""user"", ""content"": ""\nHere is the text-based representation of two lines.\n\n|-----~---=-----                         |\n|---------------------------=------~-----| \n\nFinal Answer:\n""}]",Final Answer: 0.3
mistralai/mistral-small-3.2-24b-instruct,sample_004,0.3395,0.3395,0.3395,0.5,"[{""role"": ""system"", ""content"": ""You are a lines length ratio estimator.\n        You are given a text-based representation of two lines.\n\n        Estimate the ratio of the shorter line to the longer line as a decimal number between 0 and 1.\n\n        The given data is noisy and may contain artifacts. For 10 previous observations, the values were observed to lie in the range of 0.1 to 0.5.     \n\n        Do not explain or reason. Only output the final answer as a number after Final Answer:\n""}, {""role"": ""user"", ""content"": ""\nHere is the text-based representation of two lines.\n\n|-=-=-----                               |\n|-------------------------.------ -------| \n\nFinal Answer:\n""}, {""role"": ""assistant"", ""content"": ""Final Answer: 0.4""}, {""role"": ""user"", ""content"": ""\nHere is the text-based representation of two lines.\n\n|------------.-~----                     |\n|-------------.~-------------------------| \n\nFinal Answer:\n""}, {""role"": ""assistant"", ""content"": ""Final Answer: 0.4""}, {""role"": ""user"", ""content"": ""\nHere is the text-based representation of two lines.\n\n|-----~---=-----                         |\n|---------------------------=------~-----| \n\nFinal Answer:\n""}, {""role"": ""assistant"", ""content"": ""Final Answer: 0.3""}, {""role"": ""user"", ""content"": ""\nHere is the text-based representation of two lines.\n\n|----------~-                            |\n|--------- -------------=----------------| \n\nFinal Answer:\n""}]",Final Answer: 0.5
mistralai/mistral-small-3.2-24b-instruct,sample_005,0.1624,0.1624,0.1624,0.3,"[{""role"": ""system"", ""content"": ""You are a lines length ratio estimator.\n        You are given a text-based representation of two lines.\n\n        Estimate the ratio of the shorter line to the longer line as a decimal number between 0 and 1.\n\n        The given data is noisy and may contain artifacts. For 10 previous observations, the values were observed to lie in the range of 0.1 to 0.5.     \n\n        Do not explain or reason. Only output the final answer as a number after Final Answer:\n""}, {""role"": ""user"", ""content"": ""\nHere is the text-based representation of two lines.\n\n|-=-=-----                               |\n|-------------------------.------ -------| \n\nFinal Answer:\n""}, {""role"": ""assistant"", ""content"": ""Final Answer: 0.4""}, {""role"": ""user"", ""content"": ""\nHere is the text-based representation of two lines.\n\n|------------.-~----                     |\n|-------------.~-------------------------| \n\nFinal Answer:\n""}, {""role"": ""assistant"", ""content"": ""Final Answer: 0.4""}, {""role"": ""user"", ""content"": ""\nHere is the text-based representation of two lines.\n\n|-----~---=-----                         |\n|---------------------------=------~-----| \n\nFinal Answer:\n""}, {""role"": ""assistant"", ""content"": ""Final Answer: 0.3""}, {""role"": ""user"", ""content"": ""\nHere is the text-based representation of two lines.\n\n|----------~-                            |\n|--------- -------------=----------------| \n\nFinal Answer:\n""}, {""role"": ""assistant"", ""content"": ""Final Answer: 0.5""}, {""role"": ""user"", ""content"": ""\nHere is the text-based representation of two lines.\n\n|-----                                   |\n|------------------------- ------ -------| \n\nFinal Answer:\n""}]",Final Answer: 0.3
mistralai/mistral-small-3.2-24b-instruct,sample_006,0.1624,0.1624,0.1624,0.3,"[{""role"": ""system"", ""content"": ""You are a lines length ratio estimator.\n        You are given a text-based representation of two lines.\n\n        Estimate the ratio of the shorter line to the longer line as a decimal number between 0 and 1.\n\n        The given data is noisy and may contain artifacts. For 10 previous observations, the values were observed to lie in the range of 0.1 to 0.5.     \n\n        Do not explain or reason. Only output the final answer as a number after Final Answer:\n""}, {""role"": ""user"", ""content"": ""\nHere is the text-based representation of two lines.\n\n|-=-=-----                               |\n|-------------------------.------ -------| \n\nFinal Answer:\n""}, {""role"": ""assistant"", ""content"": ""Final Answer: 0.4""}, {""role"": ""user"", ""content"": ""\nHere is the text-based representation of two lines.\n\n|------------.-~----                     |\n|-------------.~-------------------------| \n\nFinal Answer:\n""}, {""role"": ""assistant"", ""content"": ""Final Answer: 0.4""}, {""role"": ""user"", ""content"": ""\nHere is the text-based representation of two lines.\n\n|-----~---=-----                         |\n|---------------------------=------~-----| \n\nFinal Answer:\n""}, {""role"": ""assistant"", ""content"": ""Final Answer: 0.3""}, {""role"": ""user"", ""content"": ""\nHere is the text-based representation of two lines.\n\n|----------~-                            |\n|--------- -------------=----------------| \n\nFinal Answer:\n""}, {""role"": ""assistant"", ""content"": ""Final Answer: 0.5""}, {""role"": ""user"", ""content"": ""\nHere is the text-based representation of two lines.\n\n|-----                                   |\n|------------------------- ------ -------| \n\nFinal Answer:\n""}, {""role"": ""assistant"", ""content"": ""Final Answer: 0.3""}, {""role"": ""user"", ""content"": ""\nHere is the text-based representation of two lines.\n\n|---.-.                                  |\n|------------------=-------------.-------| \n\nFinal Answer:\n""}]",Final Answer: 0.3
mistralai/mistral-small-3.2-24b-instruct,sample_007,0.1232,0.1232,0.1232,0.2,"[{""role"": ""system"", ""content"": ""You are a lines length ratio estimator.\n        You are given a text-based representation of two lines.\n\n        Estimate the ratio of the shorter line to the longer line as a decimal number between 0 and 1.\n\n        The given data is noisy and may contain artifacts. For 10 previous observations, the values were observed to lie in the range of 0.1 to 0.5.     \n\n        Do not explain or reason. Only output the final answer as a number after Final Answer:\n""}, {""role"": ""user"", ""content"": ""\nHere is the text-based representation of two lines.\n\n|-=-=-----                               |\n|-------------------------.------ -------| \n\nFinal Answer:\n""}, {""role"": ""assistant"", ""content"": ""Final Answer: 0.4""}, {""role"": ""user"", ""content"": ""\nHere is the text-based representation of two lines.\n\n|------------.-~----                     |\n|-------------.~-------------------------| \n\nFinal Answer:\n""}, {""role"": ""assistant"", ""content"": ""Final Answer: 0.4""}, {""role"": ""user"", ""content"": ""\nHere is the text-based representation of two lines.\n\n|-----~---=-----                         |\n|---------------------------=------~-----| \n\nFinal Answer:\n""}, {""role"": ""assistant"", ""content"": ""Final Answer: 0.3""}, {""role"": ""user"", ""content"": ""\nHere is the text-based representation of two lines.\n\n|----------~-                            |\n|--------- -------------=----------------| \n\nFinal Answer:\n""}, {""role"": ""assistant"", ""content"": ""Final Answer: 0.5""}, {""role"": ""user"", ""content"": ""\nHere is the text-based representation of two lines.\n\n|-----                                   |\n|------------------------- ------ -------| \n\nFinal Answer:\n""}, {""role"": ""assistant"", ""content"": ""Final Answer: 0.3""}, {""role"": ""user"", ""content"": ""\nHere is the text-based representation of two lines.\n\n|---.-.                                  |\n|------------------=-------------.-------| \n\nFinal Answer:\n""}, {""role"": ""assistant"", ""content"": ""Final Answer: 0.3""}, {""role"": ""user"", ""content"": ""\nHere is the text-based representation of two lines.\n\n|.-~-                                    |\n|-----=---------.------------------------| \n\nFinal Answer:\n""}]",Final Answer: 0.2
mistralai/mistral-small-3.2-24b-instruct,sample_008,0.4465,0.4465,0.4465,0.3,"[{""role"": ""system"", ""content"": ""You are a lines length ratio estimator.\n        You are given a text-based representation of two lines.\n\n        Estimate the ratio of the shorter line to the longer line as a decimal number between 0 and 1.\n\n        The given data is noisy and may contain artifacts. For 10 previous observations, the values were observed to lie in the range of 0.1 to 0.5.     \n\n        Do not explain or reason. Only output the final answer as a number after Final Answer:\n""}, {""role"": ""user"", ""content"": ""\nHere is the text-based representation of two lines.\n\n|-=-=-----                               |\n|-------------------------.------ -------| \n\nFinal Answer:\n""}, {""role"": ""assistant"", ""content"": ""Final Answer: 0.4""}, {""role"": ""user"", ""content"": ""\nHere is the text-based representation of two lines.\n\n|------------.-~----                     |\n|-------------.~-------------------------| \n\nFinal Answer:\n""}, {""role"": ""assistant"", ""content"": ""Final Answer: 0.4""}, {""role"": ""user"", ""content"": ""\nHere is the text-based representation of two lines.\n\n|-----~---=-----                         |\n|---------------------------=------~-----| \n\nFinal Answer:\n""}, {""role"": ""assistant"", ""content"": ""Final Answer: 0.3""}, {""role"": ""user"", ""content"": ""\nHere is the text-based representation of two lines.\n\n|----------~-                            |\n|--------- -------------=----------------| \n\nFinal Answer:\n""}, {""role"": ""assistant"", ""content"": ""Final Answer: 0.5""}, {""role"": ""user"", ""content"": ""\nHere is the text-based representation of two lines.\n\n|-----                                   |\n|------------------------- ------ -------| \n\nFinal Answer:\n""}, {""role"": ""assistant"", ""content"": ""Final Answer: 0.3""}, {""role"": ""user"", ""content"": ""\nHere is the text-based representation of two lines.\n\n|---.-.                                  |\n|------------------=-------------.-------| \n\nFinal Answer:\n""}, {""role"": ""assistant"", ""content"": ""Final Answer: 0.3""}, {""role"": ""user"", ""content"": ""\nHere is the text-based representation of two lines.\n\n|.-~-                                    |\n|-----=---------.------------------------| \n\nFinal Answer:\n""}, {""role"": ""assistant"", ""content"": ""Final Answer: 0.2""}, {""role"": ""user"", ""content"": ""\nHere is the text-based representation of two lines.\n\n|- -------.-------                       |\n|-----=---------------------------------.| \n\nFinal Answer:\n""}]",Final Answer: 0.3
mistralai/mistral-small-3.2-24b-instruct,sample_009,0.3404,0.3404,0.3404,0.3,"[{""role"": ""system"", ""content"": ""You are a lines length ratio estimator.\n        You are given a text-based representation of two lines.\n\n        Estimate the ratio of the shorter line to the longer line as a decimal number between 0 and 1.\n\n        The given data is noisy and may contain artifacts. For 10 previous observations, the values were observed to lie in the range of 0.1 to 0.5.     \n\n        Do not explain or reason. Only output the final answer as a number after Final Answer:\n""}, {""role"": ""user"", ""content"": ""\nHere is the text-based representation of two lines.\n\n|-=-=-----                               |\n|-------------------------.------ -------| \n\nFinal Answer:\n""}, {""role"": ""assistant"", ""content"": ""Final Answer: 0.4""}, {""role"": ""user"", ""content"": ""\nHere is the text-based representation of two lines.\n\n|------------.-~----                     |\n|-------------.~-------------------------| \n\nFinal Answer:\n""}, {""role"": ""assistant"", ""content"": ""Final Answer: 0.4""}, {""role"": ""user"", ""content"": ""\nHere is the text-based representation of two lines.\n\n|-----~---=-----                         |\n|---------------------------=------~-----| \n\nFinal Answer:\n""}, {""role"": ""assistant"", ""content"": ""Final Answer: 0.3""}, {""role"": ""user"", ""content"": ""\nHere is the text-based representation of two lines.\n\n|----------~-                            |\n|--------- -------------=----------------| \n\nFinal Answer:\n""}, {""role"": ""assistant"", ""content"": ""Final Answer: 0.5""}, {""role"": ""user"", ""content"": ""\nHere is the text-based representation of two lines.\n\n|-----                                   |\n|------------------------- ------ -------| \n\nFinal Answer:\n""}, {""role"": ""assistant"", ""content"": ""Final Answer: 0.3""}, {""role"": ""user"", ""content"": ""\nHere is the text-based representation of two lines.\n\n|---.-.                                  |\n|------------------=-------------.-------| \n\nFinal Answer:\n""}, {""role"": ""assistant"", ""content"": ""Final Answer: 0.3""}, {""role"": ""user"", ""content"": ""\nHere is the text-based representation of two lines.\n\n|.-~-                                    |\n|-----=---------.------------------------| \n\nFinal Answer:\n""}, {""role"": ""assistant"", ""content"": ""Final Answer: 0.2""}, {""role"": ""user"", ""content"": ""\nHere is the text-based representation of two lines.\n\n|- -------.-------                       |\n|-----=---------------------------------.| \n\nFinal Answer:\n""}, {""role"": ""assistant"", ""content"": ""Final Answer: 0.3""}, {""role"": ""user"", ""content"": ""\nHere is the text-based representation of two lines.\n\n|--- =--------                           |\n|------.---------------------~-----------| \n\nFinal Answer:\n""}]",Final Answer: 0.3
mistralai/mistral-small-3.2-24b-instruct,sample_010,0.3832,0.3832,0.3832,0.4,"[{""role"": ""system"", ""content"": ""You are a lines length ratio estimator.\n        You are given a text-based representation of two lines.\n\n        Estimate the ratio of the shorter line to the longer line as a decimal number between 0 and 1.\n\n        The given data is noisy and may contain artifacts. For 10 previous observations, the values were observed to lie in the range of 0.1 to 0.5.     \n\n        Do not explain or reason. Only output the final answer as a number after Final Answer:\n""}, {""role"": ""user"", ""content"": ""\nHere is the text-based representation of two lines.\n\n|-=-=-----                               |\n|-------------------------.------ -------| \n\nFinal Answer:\n""}, {""role"": ""assistant"", ""content"": ""Final Answer: 0.4""}, {""role"": ""user"", ""content"": ""\nHere is the text-based representation of two lines.\n\n|------------.-~----                     |\n|-------------.~-------------------------| \n\nFinal Answer:\n""}, {""role"": ""assistant"", ""content"": ""Final Answer: 0.4""}, {""role"": ""user"", ""content"": ""\nHere is the text-based representation of two lines.\n\n|-----~---=-----                         |\n|---------------------------=------~-----| \n\nFinal Answer:\n""}, {""role"": ""assistant"", ""content"": ""Final Answer: 0.3""}, {""role"": ""user"", ""content"": ""\nHere is the text-based representation of two lines.\n\n|----------~-                            |\n|--------- -------------=----------------| \n\nFinal Answer:\n""}, {""role"": ""assistant"", ""content"": ""Final Answer: 0.5""}, {""role"": ""user"", ""content"": ""\nHere is the text-based representation of two lines.\n\n|-----                                   |\n|------------------------- ------ -------| \n\nFinal Answer:\n""}, {""role"": ""assistant"", ""content"": ""Final Answer: 0.3""}, {""role"": ""user"", ""content"": ""\nHere is the text-based representation of two lines.\n\n|---.-.                                  |\n|------------------=-------------.-------| \n\nFinal Answer:\n""}, {""role"": ""assistant"", ""content"": ""Final Answer: 0.3""}, {""role"": ""user"", ""content"": ""\nHere is the text-based representation of two lines.\n\n|.-~-                                    |\n|-----=---------.------------------------| \n\nFinal Answer:\n""}, {""role"": ""assistant"", ""content"": ""Final Answer: 0.2""}, {""role"": ""user"", ""content"": ""\nHere is the text-based representation of two lines.\n\n|- -------.-------                       |\n|-----=---------------------------------.| \n\nFinal Answer:\n""}, {""role"": ""assistant"", ""content"": ""Final Answer: 0.3""}, {""role"": ""user"", ""content"": ""\nHere is the text-based representation of two lines.\n\n|--- =--------                           |\n|------.---------------------~-----------| \n\nFinal Answer:\n""}, {""role"": ""assistant"", ""content"": ""Final Answer: 0.3""}, {""role"": ""user"", ""content"": ""\nHere is the text-based representation of two lines.\n\n|------ ------.-                         |\n|------------------~---------- ----------| \n\nFinal Answer:\n""}]",Final Answer: 0.4
