sample_id,target_count,text,actual_a_count,end_char,total_length
sample_001,43,AAAAAAAAAAAAAAAAAAAAAAAAAAAAAAAAAAAAAAAAAAAC,43,C,44
sample_002,29,AAAAAAAAAAAAAAAAAAAAAAAAAAAAAC,29,C,30
sample_003,22,AAAAAAAAAAAAAAAAAAAAAAC,22,C,23
sample_004,35,AAAAAAAAAAAAAAAAAAAAAAAAAAAAAAAAAAAC,35,C,36
sample_005,33,AAAAAAAAAAAAAAAAAAAAAAAAAAAAAAAAAC,33,C,34
sample_006,37,AAAAAAAAAAAAAAAAAAAAAAAAAAAAAAAAAAAAAC,37,C,38
sample_007,25,AAAAAAAAAAAAAAAAAAAAAAAAAC,25,C,26
sample_008,25,AAAAAAAAAAAAAAAAAAAAAAAAAC,25,C,26
sample_009,38,AAAAAAAAAAAAAAAAAAAAAAAAAAAAAAAAAAAAAAC,38,C,39
sample_010,50,AAAAAAAAAAAAAAAAAAAAAAAAAAAAAAAAAAAAAAAAAAAAAAAAAAC,50,C,51
sample_011,38,AAAAAAAAAAAAAAAAAAAAAAAAAAAAAAAAAAAAAAC,38,C,39
sample_012,17,AAAAAAAAAAAAAAAAAC,17,C,18
sample_013,36,AAAAAAAAAAAAAAAAAAAAAAAAAAAAAAAAAAAAC,36,C,37
sample_014,16,AAAAAAAAAAAAAAAAC,16,C,17
sample_015,38,AAAAAAAAAAAAAAAAAAAAAAAAAAAAAAAAAAAAAAC,38,C,39
sample_016,44,AAAAAAAAAAAAAAAAAAAAAAAAAAAAAAAAAAAAAAAAAAAAC,44,C,45
sample_017,16,AAAAAAAAAAAAAAAAC,16,C,17
sample_018,35,AAAAAAAAAAAAAAAAAAAAAAAAAAAAAAAAAAAC,35,C,36
sample_019,47,AAAAAAAAAAAAAAAAAAAAAAAAAAAAAAAAAAAAAAAAAAAAAAAC,47,C,48
sample_020,26,AAAAAAAAAAAAAAAAAAAAAAAAAAC,26,C,27
sample_021,36,AAAAAAAAAAAAAAAAAAAAAAAAAAAAAAAAAAAAC,36,C,37
sample_022,39,AAAAAAAAAAAAAAAAAAAAAAAAAAAAAAAAAAAAAAAC,39,C,40
sample_023,41,AAAAAAAAAAAAAAAAAAAAAAAAAAAAAAAAAAAAAAAAAC,41,C,42
sample_024,42,AAAAAAAAAAAAAAAAAAAAAAAAAAAAAAAAAAAAAAAAAAC,42,C,43
sample_025,30,AAAAAAAAAAAAAAAAAAAAAAAAAAAAAAC,30,C,31
sample_026,29,AAAAAAAAAAAAAAAAAAAAAAAAAAAAAC,29,C,30
sample_027,17,AAAAAAAAAAAAAAAAAC,17,C,18
sample_028,21,AAAAAAAAAAAAAAAAAAAAAC,21,C,22
sample_029,35,AAAAAAAAAAAAAAAAAAAAAAAAAAAAAAAAAAAC,35,C,36
sample_030,23,AAAAAAAAAAAAAAAAAAAAAAAC,23,C,24
sample_031,32,AAAAAAAAAAAAAAAAAAAAAAAAAAAAAAAAC,32,C,33
sample_032,18,AAAAAAAAAAAAAAAAAAC,18,C,19
sample_033,39,AAAAAAAAAAAAAAAAAAAAAAAAAAAAAAAAAAAAAAAC,39,C,40
sample_034,28,AAAAAAAAAAAAAAAAAAAAAAAAAAAAC,28,C,29
sample_035,23,AAAAAAAAAAAAAAAAAAAAAAAC,23,C,24
sample_036,40,AAAAAAAAAAAAAAAAAAAAAAAAAAAAAAAAAAAAAAAAC,40,C,41
sample_037,16,AAAAAAAAAAAAAAAAC,16,C,17
sample_038,34,AAAAAAAAAAAAAAAAAAAAAAAAAAAAAAAAAAC,34,C,35
sample_039,42,AAAAAAAAAAAAAAAAAAAAAAAAAAAAAAAAAAAAAAAAAAC,42,C,43
sample_040,21,AAAAAAAAAAAAAAAAAAAAAC,21,C,22
sample_041,22,AAAAAAAAAAAAAAAAAAAAAAC,22,C,23
sample_042,49,AAAAAAAAAAAAAAAAAAAAAAAAAAAAAAAAAAAAAAAAAAAAAAAAAC,49,C,50
sample_043,28,AAAAAAAAAAAAAAAAAAAAAAAAAAAAC,28,C,29
sample_044,31,AAAAAAAAAAAAAAAAAAAAAAAAAAAAAAAC,31,C,32
sample_045,50,AAAAAAAAAAAAAAAAAAAAAAAAAAAAAAAAAAAAAAAAAAAAAAAAAAC,50,C,51
sample_046,18,AAAAAAAAAAAAAAAAAAC,18,C,19
sample_047,16,AAAAAAAAAAAAAAAAC,16,C,17
sample_048,20,AAAAAAAAAAAAAAAAAAAAC,20,C,21
sample_049,18,AAAAAAAAAAAAAAAAAAC,18,C,19
sample_050,43,AAAAAAAAAAAAAAAAAAAAAAAAAAAAAAAAAAAAAAAAAAAC,43,C,44
sample_051,32,AAAAAAAAAAAAAAAAAAAAAAAAAAAAAAAAC,32,C,33
sample_052,40,AAAAAAAAAAAAAAAAAAAAAAAAAAAAAAAAAAAAAAAAC,40,C,41
sample_053,48,AAAAAAAAAAAAAAAAAAAAAAAAAAAAAAAAAAAAAAAAAAAAAAAAC,48,C,49
sample_054,24,AAAAAAAAAAAAAAAAAAAAAAAAC,24,C,25
sample_055,50,AAAAAAAAAAAAAAAAAAAAAAAAAAAAAAAAAAAAAAAAAAAAAAAAAAC,50,C,51
sample_056,28,AAAAAAAAAAAAAAAAAAAAAAAAAAAAC,28,C,29
sample_057,45,AAAAAAAAAAAAAAAAAAAAAAAAAAAAAAAAAAAAAAAAAAAAAC,45,C,46
sample_058,29,AAAAAAAAAAAAAAAAAAAAAAAAAAAAAC,29,C,30
sample_059,22,AAAAAAAAAAAAAAAAAAAAAAC,22,C,23
sample_060,28,AAAAAAAAAAAAAAAAAAAAAAAAAAAAC,28,C,29
sample_061,37,AAAAAAAAAAAAAAAAAAAAAAAAAAAAAAAAAAAAAC,37,C,38
sample_062,35,AAAAAAAAAAAAAAAAAAAAAAAAAAAAAAAAAAAC,35,C,36
sample_063,30,AAAAAAAAAAAAAAAAAAAAAAAAAAAAAAC,30,C,31
sample_064,32,AAAAAAAAAAAAAAAAAAAAAAAAAAAAAAAAC,32,C,33
sample_065,38,AAAAAAAAAAAAAAAAAAAAAAAAAAAAAAAAAAAAAAC,38,C,39
sample_066,40,AAAAAAAAAAAAAAAAAAAAAAAAAAAAAAAAAAAAAAAAC,40,C,41
sample_067,39,AAAAAAAAAAAAAAAAAAAAAAAAAAAAAAAAAAAAAAAC,39,C,40
sample_068,43,AAAAAAAAAAAAAAAAAAAAAAAAAAAAAAAAAAAAAAAAAAAC,43,C,44
sample_069,29,AAAAAAAAAAAAAAAAAAAAAAAAAAAAAC,29,C,30
sample_070,15,AAAAAAAAAAAAAAAC,15,C,16
sample_071,39,AAAAAAAAAAAAAAAAAAAAAAAAAAAAAAAAAAAAAAAC,39,C,40
sample_072,21,AAAAAAAAAAAAAAAAAAAAAC,21,C,22
sample_073,23,AAAAAAAAAAAAAAAAAAAAAAAC,23,C,24
sample_074,38,AAAAAAAAAAAAAAAAAAAAAAAAAAAAAAAAAAAAAAC,38,C,39
sample_075,15,AAAAAAAAAAAAAAAC,15,C,16
sample_076,22,AAAAAAAAAAAAAAAAAAAAAAC,22,C,23
sample_077,38,AAAAAAAAAAAAAAAAAAAAAAAAAAAAAAAAAAAAAAC,38,C,39
sample_078,25,AAAAAAAAAAAAAAAAAAAAAAAAAC,25,C,26
sample_079,31,AAAAAAAAAAAAAAAAAAAAAAAAAAAAAAAC,31,C,32
sample_080,22,AAAAAAAAAAAAAAAAAAAAAAC,22,C,23
sample_081,49,AAAAAAAAAAAAAAAAAAAAAAAAAAAAAAAAAAAAAAAAAAAAAAAAAC,49,C,50
sample_082,49,AAAAAAAAAAAAAAAAAAAAAAAAAAAAAAAAAAAAAAAAAAAAAAAAAC,49,C,50
sample_083,47,AAAAAAAAAAAAAAAAAAAAAAAAAAAAAAAAAAAAAAAAAAAAAAAC,47,C,48
sample_084,19,AAAAAAAAAAAAAAAAAAAC,19,C,20
sample_085,42,AAAAAAAAAAAAAAAAAAAAAAAAAAAAAAAAAAAAAAAAAAC,42,C,43
sample_086,21,AAAAAAAAAAAAAAAAAAAAAC,21,C,22
sample_087,23,AAAAAAAAAAAAAAAAAAAAAAAC,23,C,24
sample_088,22,AAAAAAAAAAAAAAAAAAAAAAC,22,C,23
sample_089,26,AAAAAAAAAAAAAAAAAAAAAAAAAAC,26,C,27
sample_090,48,AAAAAAAAAAAAAAAAAAAAAAAAAAAAAAAAAAAAAAAAAAAAAAAAC,48,C,49
sample_091,47,AAAAAAAAAAAAAAAAAAAAAAAAAAAAAAAAAAAAAAAAAAAAAAAC,47,C,48
sample_092,37,AAAAAAAAAAAAAAAAAAAAAAAAAAAAAAAAAAAAAC,37,C,38
sample_093,38,AAAAAAAAAAAAAAAAAAAAAAAAAAAAAAAAAAAAAAC,38,C,39
sample_094,49,AAAAAAAAAAAAAAAAAAAAAAAAAAAAAAAAAAAAAAAAAAAAAAAAAC,49,C,50
sample_095,36,AAAAAAAAAAAAAAAAAAAAAAAAAAAAAAAAAAAAC,36,C,37
sample_096,41,AAAAAAAAAAAAAAAAAAAAAAAAAAAAAAAAAAAAAAAAAC,41,C,42
sample_097,49,AAAAAAAAAAAAAAAAAAAAAAAAAAAAAAAAAAAAAAAAAAAAAAAAAC,49,C,50
sample_098,15,AAAAAAAAAAAAAAAC,15,C,16
sample_099,49,AAAAAAAAAAAAAAAAAAAAAAAAAAAAAAAAAAAAAAAAAAAAAAAAAC,49,C,50
sample_100,28,AAAAAAAAAAAAAAAAAAAAAAAAAAAAC,28,C,29
