model,sample_id,text,ground_truth,input_values,prediction,prompt_sent,response,reasoning
google/gemini-2.5-flash-lite,sample_001,0.654,0.654,0.654,0.56,"[{""role"": ""system"", ""content"": ""You are a lines length ratio estimator.\n        You are given a text-based representation of two lines. The representation is delimited by vertical bars: |...|. Ignore space characters when considering its length.\n\n        Estimate the ratio of the shorter line to the longer line as a decimal number between 0 and 1.\n\n        Do not explain or reason. Only output the final answer as a number after Final Answer:\n""}, {""role"": ""user"", ""content"": ""\nHere is the text-based representation of two lines.\n\n|-----------------------~-.              |\n|-----=---------------------------------.| \n\nFinal Answer:\n""}]",0.56,
google/gemini-2.5-flash-lite,sample_002,0.6006,0.6006,0.6006,0.61,"[{""role"": ""system"", ""content"": ""You are a lines length ratio estimator.\n        You are given a text-based representation of two lines. The representation is delimited by vertical bars: |...|. Ignore space characters when considering its length.\n\n        Estimate the ratio of the shorter line to the longer line as a decimal number between 0 and 1.\n\n        Do not explain or reason. Only output the final answer as a number after Final Answer:\n""}, {""role"": ""user"", ""content"": ""\nHere is the text-based representation of two lines.\n\n|-----------------------~-.              |\n|-----=---------------------------------.| \n\nFinal Answer:\n""}, {""role"": ""assistant"", ""content"": ""0.56""}, {""role"": ""user"", ""content"": ""\nHere is the text-based representation of two lines.\n\n|--------=--------------                 |\n|-----------=------------- --------------| \n\nFinal Answer:\n""}]",0.61,
google/gemini-2.5-flash-lite,sample_003,0.7331,0.7331,0.7331,0.58,"[{""role"": ""system"", ""content"": ""You are a lines length ratio estimator.\n        You are given a text-based representation of two lines. The representation is delimited by vertical bars: |...|. Ignore space characters when considering its length.\n\n        Estimate the ratio of the shorter line to the longer line as a decimal number between 0 and 1.\n\n        Do not explain or reason. Only output the final answer as a number after Final Answer:\n""}, {""role"": ""user"", ""content"": ""\nHere is the text-based representation of two lines.\n\n|-----------------------~-.              |\n|-----=---------------------------------.| \n\nFinal Answer:\n""}, {""role"": ""assistant"", ""content"": ""0.56""}, {""role"": ""user"", ""content"": ""\nHere is the text-based representation of two lines.\n\n|--------=--------------                 |\n|-----------=------------- --------------| \n\nFinal Answer:\n""}, {""role"": ""assistant"", ""content"": ""0.61""}, {""role"": ""user"", ""content"": ""\nHere is the text-based representation of two lines.\n\n|------------------=-----=----           |\n|-----~---------~------------------------| \n\nFinal Answer:\n""}]",0.58,
google/gemini-2.5-flash-lite,sample_004,0.329,0.329,0.329,0.36,"[{""role"": ""system"", ""content"": ""You are a lines length ratio estimator.\n        You are given a text-based representation of two lines. The representation is delimited by vertical bars: |...|. Ignore space characters when considering its length.\n\n        Estimate the ratio of the shorter line to the longer line as a decimal number between 0 and 1.\n\n        Do not explain or reason. Only output the final answer as a number after Final Answer:\n""}, {""role"": ""user"", ""content"": ""\nHere is the text-based representation of two lines.\n\n|-----------------------~-.              |\n|-----=---------------------------------.| \n\nFinal Answer:\n""}, {""role"": ""assistant"", ""content"": ""0.56""}, {""role"": ""user"", ""content"": ""\nHere is the text-based representation of two lines.\n\n|--------=--------------                 |\n|-----------=------------- --------------| \n\nFinal Answer:\n""}, {""role"": ""assistant"", ""content"": ""0.61""}, {""role"": ""user"", ""content"": ""\nHere is the text-based representation of two lines.\n\n|------------------=-----=----           |\n|-----~---------~------------------------| \n\nFinal Answer:\n""}, {""role"": ""assistant"", ""content"": ""0.58""}, {""role"": ""user"", ""content"": ""\nHere is the text-based representation of two lines.\n\n|------------~                           |\n|----------.------------.----------------| \n\nFinal Answer:\n""}]",0.36,
google/gemini-2.5-flash-lite,sample_005,0.378,0.378,0.378,0.47,"[{""role"": ""system"", ""content"": ""You are a lines length ratio estimator.\n        You are given a text-based representation of two lines. The representation is delimited by vertical bars: |...|. Ignore space characters when considering its length.\n\n        Estimate the ratio of the shorter line to the longer line as a decimal number between 0 and 1.\n\n        Do not explain or reason. Only output the final answer as a number after Final Answer:\n""}, {""role"": ""user"", ""content"": ""\nHere is the text-based representation of two lines.\n\n|-----------------------~-.              |\n|-----=---------------------------------.| \n\nFinal Answer:\n""}, {""role"": ""assistant"", ""content"": ""0.56""}, {""role"": ""user"", ""content"": ""\nHere is the text-based representation of two lines.\n\n|--------=--------------                 |\n|-----------=------------- --------------| \n\nFinal Answer:\n""}, {""role"": ""assistant"", ""content"": ""0.61""}, {""role"": ""user"", ""content"": ""\nHere is the text-based representation of two lines.\n\n|------------------=-----=----           |\n|-----~---------~------------------------| \n\nFinal Answer:\n""}, {""role"": ""assistant"", ""content"": ""0.58""}, {""role"": ""user"", ""content"": ""\nHere is the text-based representation of two lines.\n\n|------------~                           |\n|----------.------------.----------------| \n\nFinal Answer:\n""}, {""role"": ""assistant"", ""content"": ""0.36""}, {""role"": ""user"", ""content"": ""\nHere is the text-based representation of two lines.\n\n|---------=--~--                         |\n|---------------=---------=--------------| \n\nFinal Answer:\n""}]",0.47,
google/gemini-2.5-flash-lite,sample_006,0.378,0.378,0.378,0.41,"[{""role"": ""system"", ""content"": ""You are a lines length ratio estimator.\n        You are given a text-based representation of two lines. The representation is delimited by vertical bars: |...|. Ignore space characters when considering its length.\n\n        Estimate the ratio of the shorter line to the longer line as a decimal number between 0 and 1.\n\n        Do not explain or reason. Only output the final answer as a number after Final Answer:\n""}, {""role"": ""user"", ""content"": ""\nHere is the text-based representation of two lines.\n\n|-----------------------~-.              |\n|-----=---------------------------------.| \n\nFinal Answer:\n""}, {""role"": ""assistant"", ""content"": ""0.56""}, {""role"": ""user"", ""content"": ""\nHere is the text-based representation of two lines.\n\n|--------=--------------                 |\n|-----------=------------- --------------| \n\nFinal Answer:\n""}, {""role"": ""assistant"", ""content"": ""0.61""}, {""role"": ""user"", ""content"": ""\nHere is the text-based representation of two lines.\n\n|------------------=-----=----           |\n|-----~---------~------------------------| \n\nFinal Answer:\n""}, {""role"": ""assistant"", ""content"": ""0.58""}, {""role"": ""user"", ""content"": ""\nHere is the text-based representation of two lines.\n\n|------------~                           |\n|----------.------------.----------------| \n\nFinal Answer:\n""}, {""role"": ""assistant"", ""content"": ""0.36""}, {""role"": ""user"", ""content"": ""\nHere is the text-based representation of two lines.\n\n|---------=--~--                         |\n|---------------=---------=--------------| \n\nFinal Answer:\n""}, {""role"": ""assistant"", ""content"": ""0.47""}, {""role"": ""user"", ""content"": ""\nHere is the text-based representation of two lines.\n\n|----.--------~-                         |\n|-----------------------.--.-------------| \n\nFinal Answer:\n""}]",0.41,
google/gemini-2.5-flash-lite,sample_007,0.5993,0.5993,0.5993,0.45,"[{""role"": ""system"", ""content"": ""You are a lines length ratio estimator.\n        You are given a text-based representation of two lines. The representation is delimited by vertical bars: |...|. Ignore space characters when considering its length.\n\n        Estimate the ratio of the shorter line to the longer line as a decimal number between 0 and 1.\n\n        Do not explain or reason. Only output the final answer as a number after Final Answer:\n""}, {""role"": ""user"", ""content"": ""\nHere is the text-based representation of two lines.\n\n|-----------------------~-.              |\n|-----=---------------------------------.| \n\nFinal Answer:\n""}, {""role"": ""assistant"", ""content"": ""0.56""}, {""role"": ""user"", ""content"": ""\nHere is the text-based representation of two lines.\n\n|--------=--------------                 |\n|-----------=------------- --------------| \n\nFinal Answer:\n""}, {""role"": ""assistant"", ""content"": ""0.61""}, {""role"": ""user"", ""content"": ""\nHere is the text-based representation of two lines.\n\n|------------------=-----=----           |\n|-----~---------~------------------------| \n\nFinal Answer:\n""}, {""role"": ""assistant"", ""content"": ""0.58""}, {""role"": ""user"", ""content"": ""\nHere is the text-based representation of two lines.\n\n|------------~                           |\n|----------.------------.----------------| \n\nFinal Answer:\n""}, {""role"": ""assistant"", ""content"": ""0.36""}, {""role"": ""user"", ""content"": ""\nHere is the text-based representation of two lines.\n\n|---------=--~--                         |\n|---------------=---------=--------------| \n\nFinal Answer:\n""}, {""role"": ""assistant"", ""content"": ""0.47""}, {""role"": ""user"", ""content"": ""\nHere is the text-based representation of two lines.\n\n|----.--------~-                         |\n|-----------------------.--.-------------| \n\nFinal Answer:\n""}, {""role"": ""assistant"", ""content"": ""0.41""}, {""role"": ""user"", ""content"": ""\nHere is the text-based representation of two lines.\n\n|-~-------------------=-                 |\n|--.-------- ----------------------------| \n\nFinal Answer:\n""}]",0.45,
google/gemini-2.5-flash-lite,sample_008,0.666,0.666,0.666,0.47,"[{""role"": ""system"", ""content"": ""You are a lines length ratio estimator.\n        You are given a text-based representation of two lines. The representation is delimited by vertical bars: |...|. Ignore space characters when considering its length.\n\n        Estimate the ratio of the shorter line to the longer line as a decimal number between 0 and 1.\n\n        Do not explain or reason. Only output the final answer as a number after Final Answer:\n""}, {""role"": ""user"", ""content"": ""\nHere is the text-based representation of two lines.\n\n|-----------------------~-.              |\n|-----=---------------------------------.| \n\nFinal Answer:\n""}, {""role"": ""assistant"", ""content"": ""0.56""}, {""role"": ""user"", ""content"": ""\nHere is the text-based representation of two lines.\n\n|--------=--------------                 |\n|-----------=------------- --------------| \n\nFinal Answer:\n""}, {""role"": ""assistant"", ""content"": ""0.61""}, {""role"": ""user"", ""content"": ""\nHere is the text-based representation of two lines.\n\n|------------------=-----=----           |\n|-----~---------~------------------------| \n\nFinal Answer:\n""}, {""role"": ""assistant"", ""content"": ""0.58""}, {""role"": ""user"", ""content"": ""\nHere is the text-based representation of two lines.\n\n|------------~                           |\n|----------.------------.----------------| \n\nFinal Answer:\n""}, {""role"": ""assistant"", ""content"": ""0.36""}, {""role"": ""user"", ""content"": ""\nHere is the text-based representation of two lines.\n\n|---------=--~--                         |\n|---------------=---------=--------------| \n\nFinal Answer:\n""}, {""role"": ""assistant"", ""content"": ""0.47""}, {""role"": ""user"", ""content"": ""\nHere is the text-based representation of two lines.\n\n|----.--------~-                         |\n|-----------------------.--.-------------| \n\nFinal Answer:\n""}, {""role"": ""assistant"", ""content"": ""0.41""}, {""role"": ""user"", ""content"": ""\nHere is the text-based representation of two lines.\n\n|-~-------------------=-                 |\n|--.-------- ----------------------------| \n\nFinal Answer:\n""}, {""role"": ""assistant"", ""content"": ""0.45""}, {""role"": ""user"", ""content"": ""\nHere is the text-based representation of two lines.\n\n|--------------~~----------              |\n|----~------- ---------------------------| \n\nFinal Answer:\n""}]",0.47,
google/gemini-2.5-flash-lite,sample_009,0.7754,0.7754,0.7754,0.52,"[{""role"": ""system"", ""content"": ""You are a lines length ratio estimator.\n        You are given a text-based representation of two lines. The representation is delimited by vertical bars: |...|. Ignore space characters when considering its length.\n\n        Estimate the ratio of the shorter line to the longer line as a decimal number between 0 and 1.\n\n        Do not explain or reason. Only output the final answer as a number after Final Answer:\n""}, {""role"": ""user"", ""content"": ""\nHere is the text-based representation of two lines.\n\n|-----------------------~-.              |\n|-----=---------------------------------.| \n\nFinal Answer:\n""}, {""role"": ""assistant"", ""content"": ""0.56""}, {""role"": ""user"", ""content"": ""\nHere is the text-based representation of two lines.\n\n|--------=--------------                 |\n|-----------=------------- --------------| \n\nFinal Answer:\n""}, {""role"": ""assistant"", ""content"": ""0.61""}, {""role"": ""user"", ""content"": ""\nHere is the text-based representation of two lines.\n\n|------------------=-----=----           |\n|-----~---------~------------------------| \n\nFinal Answer:\n""}, {""role"": ""assistant"", ""content"": ""0.58""}, {""role"": ""user"", ""content"": ""\nHere is the text-based representation of two lines.\n\n|------------~                           |\n|----------.------------.----------------| \n\nFinal Answer:\n""}, {""role"": ""assistant"", ""content"": ""0.36""}, {""role"": ""user"", ""content"": ""\nHere is the text-based representation of two lines.\n\n|---------=--~--                         |\n|---------------=---------=--------------| \n\nFinal Answer:\n""}, {""role"": ""assistant"", ""content"": ""0.47""}, {""role"": ""user"", ""content"": ""\nHere is the text-based representation of two lines.\n\n|----.--------~-                         |\n|-----------------------.--.-------------| \n\nFinal Answer:\n""}, {""role"": ""assistant"", ""content"": ""0.41""}, {""role"": ""user"", ""content"": ""\nHere is the text-based representation of two lines.\n\n|-~-------------------=-                 |\n|--.-------- ----------------------------| \n\nFinal Answer:\n""}, {""role"": ""assistant"", ""content"": ""0.45""}, {""role"": ""user"", ""content"": ""\nHere is the text-based representation of two lines.\n\n|--------------~~----------              |\n|----~------- ---------------------------| \n\nFinal Answer:\n""}, {""role"": ""assistant"", ""content"": ""0.47""}, {""role"": ""user"", ""content"": ""\nHere is the text-based representation of two lines.\n\n|------=---------------~--------         |\n|------=- -------------------------------| \n\nFinal Answer:\n""}]",0.52,
google/gemini-2.5-flash-lite,sample_010,0.4873,0.4873,0.4873,0.41,"[{""role"": ""system"", ""content"": ""You are a lines length ratio estimator.\n        You are given a text-based representation of two lines. The representation is delimited by vertical bars: |...|. Ignore space characters when considering its length.\n\n        Estimate the ratio of the shorter line to the longer line as a decimal number between 0 and 1.\n\n        Do not explain or reason. Only output the final answer as a number after Final Answer:\n""}, {""role"": ""user"", ""content"": ""\nHere is the text-based representation of two lines.\n\n|-----------------------~-.              |\n|-----=---------------------------------.| \n\nFinal Answer:\n""}, {""role"": ""assistant"", ""content"": ""0.56""}, {""role"": ""user"", ""content"": ""\nHere is the text-based representation of two lines.\n\n|--------=--------------                 |\n|-----------=------------- --------------| \n\nFinal Answer:\n""}, {""role"": ""assistant"", ""content"": ""0.61""}, {""role"": ""user"", ""content"": ""\nHere is the text-based representation of two lines.\n\n|------------------=-----=----           |\n|-----~---------~------------------------| \n\nFinal Answer:\n""}, {""role"": ""assistant"", ""content"": ""0.58""}, {""role"": ""user"", ""content"": ""\nHere is the text-based representation of two lines.\n\n|------------~                           |\n|----------.------------.----------------| \n\nFinal Answer:\n""}, {""role"": ""assistant"", ""content"": ""0.36""}, {""role"": ""user"", ""content"": ""\nHere is the text-based representation of two lines.\n\n|---------=--~--                         |\n|---------------=---------=--------------| \n\nFinal Answer:\n""}, {""role"": ""assistant"", ""content"": ""0.47""}, {""role"": ""user"", ""content"": ""\nHere is the text-based representation of two lines.\n\n|----.--------~-                         |\n|-----------------------.--.-------------| \n\nFinal Answer:\n""}, {""role"": ""assistant"", ""content"": ""0.41""}, {""role"": ""user"", ""content"": ""\nHere is the text-based representation of two lines.\n\n|-~-------------------=-                 |\n|--.-------- ----------------------------| \n\nFinal Answer:\n""}, {""role"": ""assistant"", ""content"": ""0.45""}, {""role"": ""user"", ""content"": ""\nHere is the text-based representation of two lines.\n\n|--------------~~----------              |\n|----~------- ---------------------------| \n\nFinal Answer:\n""}, {""role"": ""assistant"", ""content"": ""0.47""}, {""role"": ""user"", ""content"": ""\nHere is the text-based representation of two lines.\n\n|------=---------------~--------         |\n|------=- -------------------------------| \n\nFinal Answer:\n""}, {""role"": ""assistant"", ""content"": ""0.52""}, {""role"": ""user"", ""content"": ""\nHere is the text-based representation of two lines.\n\n|--=------.---------                     |\n|-----------.----------------------------| \n\nFinal Answer:\n""}]",0.41,
google/gemini-2.5-flash-lite,sample_001,0.654,0.654,0.654,0.52,"[{""role"": ""system"", ""content"": ""You are a lines length ratio estimator.\n        You are given a text-based representation of two lines. The representation is delimited by vertical bars: |...|. Ignore space characters when considering its length.\n\n        Estimate the ratio of the shorter line to the longer line as a decimal number between 0 and 1.\n\n        Do not explain or reason. Only output the final answer as a number after Final Answer:\n""}, {""role"": ""user"", ""content"": ""\nHere is the text-based representation of two lines.\n\n|-----------------------~-.              |\n|-----=---------------------------------.| \n\nFinal Answer:\n""}]",0.52,
google/gemini-2.5-flash-lite,sample_002,0.6006,0.6006,0.6006,0.63,"[{""role"": ""system"", ""content"": ""You are a lines length ratio estimator.\n        You are given a text-based representation of two lines. The representation is delimited by vertical bars: |...|. Ignore space characters when considering its length.\n\n        Estimate the ratio of the shorter line to the longer line as a decimal number between 0 and 1.\n\n        Do not explain or reason. Only output the final answer as a number after Final Answer:\n""}, {""role"": ""user"", ""content"": ""\nHere is the text-based representation of two lines.\n\n|-----------------------~-.              |\n|-----=---------------------------------.| \n\nFinal Answer:\n""}, {""role"": ""assistant"", ""content"": ""0.52""}, {""role"": ""user"", ""content"": ""\nHere is the text-based representation of two lines.\n\n|--------=--------------                 |\n|-----------=------------- --------------| \n\nFinal Answer:\n""}]",0.63,
google/gemini-2.5-flash-lite,sample_003,0.7331,0.7331,0.7331,0.67,"[{""role"": ""system"", ""content"": ""You are a lines length ratio estimator.\n        You are given a text-based representation of two lines. The representation is delimited by vertical bars: |...|. Ignore space characters when considering its length.\n\n        Estimate the ratio of the shorter line to the longer line as a decimal number between 0 and 1.\n\n        Do not explain or reason. Only output the final answer as a number after Final Answer:\n""}, {""role"": ""user"", ""content"": ""\nHere is the text-based representation of two lines.\n\n|-----------------------~-.              |\n|-----=---------------------------------.| \n\nFinal Answer:\n""}, {""role"": ""assistant"", ""content"": ""0.52""}, {""role"": ""user"", ""content"": ""\nHere is the text-based representation of two lines.\n\n|--------=--------------                 |\n|-----------=------------- --------------| \n\nFinal Answer:\n""}, {""role"": ""assistant"", ""content"": ""0.63""}, {""role"": ""user"", ""content"": ""\nHere is the text-based representation of two lines.\n\n|------------------=-----=----           |\n|-----~---------~------------------------| \n\nFinal Answer:\n""}]",0.67,
google/gemini-2.5-flash-lite,sample_004,0.329,0.329,0.329,0.38,"[{""role"": ""system"", ""content"": ""You are a lines length ratio estimator.\n        You are given a text-based representation of two lines. The representation is delimited by vertical bars: |...|. Ignore space characters when considering its length.\n\n        Estimate the ratio of the shorter line to the longer line as a decimal number between 0 and 1.\n\n        Do not explain or reason. Only output the final answer as a number after Final Answer:\n""}, {""role"": ""user"", ""content"": ""\nHere is the text-based representation of two lines.\n\n|-----------------------~-.              |\n|-----=---------------------------------.| \n\nFinal Answer:\n""}, {""role"": ""assistant"", ""content"": ""0.52""}, {""role"": ""user"", ""content"": ""\nHere is the text-based representation of two lines.\n\n|--------=--------------                 |\n|-----------=------------- --------------| \n\nFinal Answer:\n""}, {""role"": ""assistant"", ""content"": ""0.63""}, {""role"": ""user"", ""content"": ""\nHere is the text-based representation of two lines.\n\n|------------------=-----=----           |\n|-----~---------~------------------------| \n\nFinal Answer:\n""}, {""role"": ""assistant"", ""content"": ""0.67""}, {""role"": ""user"", ""content"": ""\nHere is the text-based representation of two lines.\n\n|------------~                           |\n|----------.------------.----------------| \n\nFinal Answer:\n""}]",0.38,
google/gemini-2.5-flash-lite,sample_005,0.378,0.378,0.378,0.5,"[{""role"": ""system"", ""content"": ""You are a lines length ratio estimator.\n        You are given a text-based representation of two lines. The representation is delimited by vertical bars: |...|. Ignore space characters when considering its length.\n\n        Estimate the ratio of the shorter line to the longer line as a decimal number between 0 and 1.\n\n        Do not explain or reason. Only output the final answer as a number after Final Answer:\n""}, {""role"": ""user"", ""content"": ""\nHere is the text-based representation of two lines.\n\n|-----------------------~-.              |\n|-----=---------------------------------.| \n\nFinal Answer:\n""}, {""role"": ""assistant"", ""content"": ""0.52""}, {""role"": ""user"", ""content"": ""\nHere is the text-based representation of two lines.\n\n|--------=--------------                 |\n|-----------=------------- --------------| \n\nFinal Answer:\n""}, {""role"": ""assistant"", ""content"": ""0.63""}, {""role"": ""user"", ""content"": ""\nHere is the text-based representation of two lines.\n\n|------------------=-----=----           |\n|-----~---------~------------------------| \n\nFinal Answer:\n""}, {""role"": ""assistant"", ""content"": ""0.67""}, {""role"": ""user"", ""content"": ""\nHere is the text-based representation of two lines.\n\n|------------~                           |\n|----------.------------.----------------| \n\nFinal Answer:\n""}, {""role"": ""assistant"", ""content"": ""0.38""}, {""role"": ""user"", ""content"": ""\nHere is the text-based representation of two lines.\n\n|---------=--~--                         |\n|---------------=---------=--------------| \n\nFinal Answer:\n""}]",0.50,
google/gemini-2.5-flash-lite,sample_006,0.378,0.378,0.378,0.31,"[{""role"": ""system"", ""content"": ""You are a lines length ratio estimator.\n        You are given a text-based representation of two lines. The representation is delimited by vertical bars: |...|. Ignore space characters when considering its length.\n\n        Estimate the ratio of the shorter line to the longer line as a decimal number between 0 and 1.\n\n        Do not explain or reason. Only output the final answer as a number after Final Answer:\n""}, {""role"": ""user"", ""content"": ""\nHere is the text-based representation of two lines.\n\n|-----------------------~-.              |\n|-----=---------------------------------.| \n\nFinal Answer:\n""}, {""role"": ""assistant"", ""content"": ""0.52""}, {""role"": ""user"", ""content"": ""\nHere is the text-based representation of two lines.\n\n|--------=--------------                 |\n|-----------=------------- --------------| \n\nFinal Answer:\n""}, {""role"": ""assistant"", ""content"": ""0.63""}, {""role"": ""user"", ""content"": ""\nHere is the text-based representation of two lines.\n\n|------------------=-----=----           |\n|-----~---------~------------------------| \n\nFinal Answer:\n""}, {""role"": ""assistant"", ""content"": ""0.67""}, {""role"": ""user"", ""content"": ""\nHere is the text-based representation of two lines.\n\n|------------~                           |\n|----------.------------.----------------| \n\nFinal Answer:\n""}, {""role"": ""assistant"", ""content"": ""0.38""}, {""role"": ""user"", ""content"": ""\nHere is the text-based representation of two lines.\n\n|---------=--~--                         |\n|---------------=---------=--------------| \n\nFinal Answer:\n""}, {""role"": ""assistant"", ""content"": ""0.50""}, {""role"": ""user"", ""content"": ""\nHere is the text-based representation of two lines.\n\n|----.--------~-                         |\n|-----------------------.--.-------------| \n\nFinal Answer:\n""}]",0.31,
google/gemini-2.5-flash-lite,sample_007,0.5993,0.5993,0.5993,0.59,"[{""role"": ""system"", ""content"": ""You are a lines length ratio estimator.\n        You are given a text-based representation of two lines. The representation is delimited by vertical bars: |...|. Ignore space characters when considering its length.\n\n        Estimate the ratio of the shorter line to the longer line as a decimal number between 0 and 1.\n\n        Do not explain or reason. Only output the final answer as a number after Final Answer:\n""}, {""role"": ""user"", ""content"": ""\nHere is the text-based representation of two lines.\n\n|-----------------------~-.              |\n|-----=---------------------------------.| \n\nFinal Answer:\n""}, {""role"": ""assistant"", ""content"": ""0.52""}, {""role"": ""user"", ""content"": ""\nHere is the text-based representation of two lines.\n\n|--------=--------------                 |\n|-----------=------------- --------------| \n\nFinal Answer:\n""}, {""role"": ""assistant"", ""content"": ""0.63""}, {""role"": ""user"", ""content"": ""\nHere is the text-based representation of two lines.\n\n|------------------=-----=----           |\n|-----~---------~------------------------| \n\nFinal Answer:\n""}, {""role"": ""assistant"", ""content"": ""0.67""}, {""role"": ""user"", ""content"": ""\nHere is the text-based representation of two lines.\n\n|------------~                           |\n|----------.------------.----------------| \n\nFinal Answer:\n""}, {""role"": ""assistant"", ""content"": ""0.38""}, {""role"": ""user"", ""content"": ""\nHere is the text-based representation of two lines.\n\n|---------=--~--                         |\n|---------------=---------=--------------| \n\nFinal Answer:\n""}, {""role"": ""assistant"", ""content"": ""0.50""}, {""role"": ""user"", ""content"": ""\nHere is the text-based representation of two lines.\n\n|----.--------~-                         |\n|-----------------------.--.-------------| \n\nFinal Answer:\n""}, {""role"": ""assistant"", ""content"": ""0.31""}, {""role"": ""user"", ""content"": ""\nHere is the text-based representation of two lines.\n\n|-~-------------------=-                 |\n|--.-------- ----------------------------| \n\nFinal Answer:\n""}]",0.59,
google/gemini-2.5-flash-lite,sample_008,0.666,0.666,0.666,0.56,"[{""role"": ""system"", ""content"": ""You are a lines length ratio estimator.\n        You are given a text-based representation of two lines. The representation is delimited by vertical bars: |...|. Ignore space characters when considering its length.\n\n        Estimate the ratio of the shorter line to the longer line as a decimal number between 0 and 1.\n\n        Do not explain or reason. Only output the final answer as a number after Final Answer:\n""}, {""role"": ""user"", ""content"": ""\nHere is the text-based representation of two lines.\n\n|-----------------------~-.              |\n|-----=---------------------------------.| \n\nFinal Answer:\n""}, {""role"": ""assistant"", ""content"": ""0.52""}, {""role"": ""user"", ""content"": ""\nHere is the text-based representation of two lines.\n\n|--------=--------------                 |\n|-----------=------------- --------------| \n\nFinal Answer:\n""}, {""role"": ""assistant"", ""content"": ""0.63""}, {""role"": ""user"", ""content"": ""\nHere is the text-based representation of two lines.\n\n|------------------=-----=----           |\n|-----~---------~------------------------| \n\nFinal Answer:\n""}, {""role"": ""assistant"", ""content"": ""0.67""}, {""role"": ""user"", ""content"": ""\nHere is the text-based representation of two lines.\n\n|------------~                           |\n|----------.------------.----------------| \n\nFinal Answer:\n""}, {""role"": ""assistant"", ""content"": ""0.38""}, {""role"": ""user"", ""content"": ""\nHere is the text-based representation of two lines.\n\n|---------=--~--                         |\n|---------------=---------=--------------| \n\nFinal Answer:\n""}, {""role"": ""assistant"", ""content"": ""0.50""}, {""role"": ""user"", ""content"": ""\nHere is the text-based representation of two lines.\n\n|----.--------~-                         |\n|-----------------------.--.-------------| \n\nFinal Answer:\n""}, {""role"": ""assistant"", ""content"": ""0.31""}, {""role"": ""user"", ""content"": ""\nHere is the text-based representation of two lines.\n\n|-~-------------------=-                 |\n|--.-------- ----------------------------| \n\nFinal Answer:\n""}, {""role"": ""assistant"", ""content"": ""0.59""}, {""role"": ""user"", ""content"": ""\nHere is the text-based representation of two lines.\n\n|--------------~~----------              |\n|----~------- ---------------------------| \n\nFinal Answer:\n""}]",0.56,
google/gemini-2.5-flash-lite,sample_009,0.7754,0.7754,0.7754,0.67,"[{""role"": ""system"", ""content"": ""You are a lines length ratio estimator.\n        You are given a text-based representation of two lines. The representation is delimited by vertical bars: |...|. Ignore space characters when considering its length.\n\n        Estimate the ratio of the shorter line to the longer line as a decimal number between 0 and 1.\n\n        Do not explain or reason. Only output the final answer as a number after Final Answer:\n""}, {""role"": ""user"", ""content"": ""\nHere is the text-based representation of two lines.\n\n|-----------------------~-.              |\n|-----=---------------------------------.| \n\nFinal Answer:\n""}, {""role"": ""assistant"", ""content"": ""0.52""}, {""role"": ""user"", ""content"": ""\nHere is the text-based representation of two lines.\n\n|--------=--------------                 |\n|-----------=------------- --------------| \n\nFinal Answer:\n""}, {""role"": ""assistant"", ""content"": ""0.63""}, {""role"": ""user"", ""content"": ""\nHere is the text-based representation of two lines.\n\n|------------------=-----=----           |\n|-----~---------~------------------------| \n\nFinal Answer:\n""}, {""role"": ""assistant"", ""content"": ""0.67""}, {""role"": ""user"", ""content"": ""\nHere is the text-based representation of two lines.\n\n|------------~                           |\n|----------.------------.----------------| \n\nFinal Answer:\n""}, {""role"": ""assistant"", ""content"": ""0.38""}, {""role"": ""user"", ""content"": ""\nHere is the text-based representation of two lines.\n\n|---------=--~--                         |\n|---------------=---------=--------------| \n\nFinal Answer:\n""}, {""role"": ""assistant"", ""content"": ""0.50""}, {""role"": ""user"", ""content"": ""\nHere is the text-based representation of two lines.\n\n|----.--------~-                         |\n|-----------------------.--.-------------| \n\nFinal Answer:\n""}, {""role"": ""assistant"", ""content"": ""0.31""}, {""role"": ""user"", ""content"": ""\nHere is the text-based representation of two lines.\n\n|-~-------------------=-                 |\n|--.-------- ----------------------------| \n\nFinal Answer:\n""}, {""role"": ""assistant"", ""content"": ""0.59""}, {""role"": ""user"", ""content"": ""\nHere is the text-based representation of two lines.\n\n|--------------~~----------              |\n|----~------- ---------------------------| \n\nFinal Answer:\n""}, {""role"": ""assistant"", ""content"": ""0.56""}, {""role"": ""user"", ""content"": ""\nHere is the text-based representation of two lines.\n\n|------=---------------~--------         |\n|------=- -------------------------------| \n\nFinal Answer:\n""}]",0.67,
google/gemini-2.5-flash-lite,sample_010,0.4873,0.4873,0.4873,0.48,"[{""role"": ""system"", ""content"": ""You are a lines length ratio estimator.\n        You are given a text-based representation of two lines. The representation is delimited by vertical bars: |...|. Ignore space characters when considering its length.\n\n        Estimate the ratio of the shorter line to the longer line as a decimal number between 0 and 1.\n\n        Do not explain or reason. Only output the final answer as a number after Final Answer:\n""}, {""role"": ""user"", ""content"": ""\nHere is the text-based representation of two lines.\n\n|-----------------------~-.              |\n|-----=---------------------------------.| \n\nFinal Answer:\n""}, {""role"": ""assistant"", ""content"": ""0.52""}, {""role"": ""user"", ""content"": ""\nHere is the text-based representation of two lines.\n\n|--------=--------------                 |\n|-----------=------------- --------------| \n\nFinal Answer:\n""}, {""role"": ""assistant"", ""content"": ""0.63""}, {""role"": ""user"", ""content"": ""\nHere is the text-based representation of two lines.\n\n|------------------=-----=----           |\n|-----~---------~------------------------| \n\nFinal Answer:\n""}, {""role"": ""assistant"", ""content"": ""0.67""}, {""role"": ""user"", ""content"": ""\nHere is the text-based representation of two lines.\n\n|------------~                           |\n|----------.------------.----------------| \n\nFinal Answer:\n""}, {""role"": ""assistant"", ""content"": ""0.38""}, {""role"": ""user"", ""content"": ""\nHere is the text-based representation of two lines.\n\n|---------=--~--                         |\n|---------------=---------=--------------| \n\nFinal Answer:\n""}, {""role"": ""assistant"", ""content"": ""0.50""}, {""role"": ""user"", ""content"": ""\nHere is the text-based representation of two lines.\n\n|----.--------~-                         |\n|-----------------------.--.-------------| \n\nFinal Answer:\n""}, {""role"": ""assistant"", ""content"": ""0.31""}, {""role"": ""user"", ""content"": ""\nHere is the text-based representation of two lines.\n\n|-~-------------------=-                 |\n|--.-------- ----------------------------| \n\nFinal Answer:\n""}, {""role"": ""assistant"", ""content"": ""0.59""}, {""role"": ""user"", ""content"": ""\nHere is the text-based representation of two lines.\n\n|--------------~~----------              |\n|----~------- ---------------------------| \n\nFinal Answer:\n""}, {""role"": ""assistant"", ""content"": ""0.56""}, {""role"": ""user"", ""content"": ""\nHere is the text-based representation of two lines.\n\n|------=---------------~--------         |\n|------=- -------------------------------| \n\nFinal Answer:\n""}, {""role"": ""assistant"", ""content"": ""0.67""}, {""role"": ""user"", ""content"": ""\nHere is the text-based representation of two lines.\n\n|--=------.---------                     |\n|-----------.----------------------------| \n\nFinal Answer:\n""}]",0.48,
google/gemini-2.5-flash-lite,sample_001,0.654,0.654,0.654,0.51,"[{""role"": ""system"", ""content"": ""You are a lines length ratio estimator.\n        You are given a text-based representation of two lines. The representation is delimited by vertical bars: |...|. Ignore space characters when considering its length.\n\n        Estimate the ratio of the shorter line to the longer line as a decimal number between 0 and 1.\n\n        Do not explain or reason. Only output the final answer as a number after Final Answer:\n""}, {""role"": ""user"", ""content"": ""\nHere is the text-based representation of two lines.\n\n|-----------------------~-.              |\n|-----=---------------------------------.| \n\nFinal Answer:\n""}]",0.51,
google/gemini-2.5-flash-lite,sample_002,0.6006,0.6006,0.6006,0.64,"[{""role"": ""system"", ""content"": ""You are a lines length ratio estimator.\n        You are given a text-based representation of two lines. The representation is delimited by vertical bars: |...|. Ignore space characters when considering its length.\n\n        Estimate the ratio of the shorter line to the longer line as a decimal number between 0 and 1.\n\n        Do not explain or reason. Only output the final answer as a number after Final Answer:\n""}, {""role"": ""user"", ""content"": ""\nHere is the text-based representation of two lines.\n\n|-----------------------~-.              |\n|-----=---------------------------------.| \n\nFinal Answer:\n""}, {""role"": ""assistant"", ""content"": ""0.51""}, {""role"": ""user"", ""content"": ""\nHere is the text-based representation of two lines.\n\n|--------=--------------                 |\n|-----------=------------- --------------| \n\nFinal Answer:\n""}]",0.64,
google/gemini-2.5-flash-lite,sample_003,0.7331,0.7331,0.7331,0.72,"[{""role"": ""system"", ""content"": ""You are a lines length ratio estimator.\n        You are given a text-based representation of two lines. The representation is delimited by vertical bars: |...|. Ignore space characters when considering its length.\n\n        Estimate the ratio of the shorter line to the longer line as a decimal number between 0 and 1.\n\n        Do not explain or reason. Only output the final answer as a number after Final Answer:\n""}, {""role"": ""user"", ""content"": ""\nHere is the text-based representation of two lines.\n\n|-----------------------~-.              |\n|-----=---------------------------------.| \n\nFinal Answer:\n""}, {""role"": ""assistant"", ""content"": ""0.51""}, {""role"": ""user"", ""content"": ""\nHere is the text-based representation of two lines.\n\n|--------=--------------                 |\n|-----------=------------- --------------| \n\nFinal Answer:\n""}, {""role"": ""assistant"", ""content"": ""0.64""}, {""role"": ""user"", ""content"": ""\nHere is the text-based representation of two lines.\n\n|------------------=-----=----           |\n|-----~---------~------------------------| \n\nFinal Answer:\n""}]",0.72,
google/gemini-2.5-flash-lite,sample_004,0.329,0.329,0.329,0.39,"[{""role"": ""system"", ""content"": ""You are a lines length ratio estimator.\n        You are given a text-based representation of two lines. The representation is delimited by vertical bars: |...|. Ignore space characters when considering its length.\n\n        Estimate the ratio of the shorter line to the longer line as a decimal number between 0 and 1.\n\n        Do not explain or reason. Only output the final answer as a number after Final Answer:\n""}, {""role"": ""user"", ""content"": ""\nHere is the text-based representation of two lines.\n\n|-----------------------~-.              |\n|-----=---------------------------------.| \n\nFinal Answer:\n""}, {""role"": ""assistant"", ""content"": ""0.51""}, {""role"": ""user"", ""content"": ""\nHere is the text-based representation of two lines.\n\n|--------=--------------                 |\n|-----------=------------- --------------| \n\nFinal Answer:\n""}, {""role"": ""assistant"", ""content"": ""0.64""}, {""role"": ""user"", ""content"": ""\nHere is the text-based representation of two lines.\n\n|------------------=-----=----           |\n|-----~---------~------------------------| \n\nFinal Answer:\n""}, {""role"": ""assistant"", ""content"": ""0.72""}, {""role"": ""user"", ""content"": ""\nHere is the text-based representation of two lines.\n\n|------------~                           |\n|----------.------------.----------------| \n\nFinal Answer:\n""}]",0.39,
google/gemini-2.5-flash-lite,sample_005,0.378,0.378,0.378,0.49,"[{""role"": ""system"", ""content"": ""You are a lines length ratio estimator.\n        You are given a text-based representation of two lines. The representation is delimited by vertical bars: |...|. Ignore space characters when considering its length.\n\n        Estimate the ratio of the shorter line to the longer line as a decimal number between 0 and 1.\n\n        Do not explain or reason. Only output the final answer as a number after Final Answer:\n""}, {""role"": ""user"", ""content"": ""\nHere is the text-based representation of two lines.\n\n|-----------------------~-.              |\n|-----=---------------------------------.| \n\nFinal Answer:\n""}, {""role"": ""assistant"", ""content"": ""0.51""}, {""role"": ""user"", ""content"": ""\nHere is the text-based representation of two lines.\n\n|--------=--------------                 |\n|-----------=------------- --------------| \n\nFinal Answer:\n""}, {""role"": ""assistant"", ""content"": ""0.64""}, {""role"": ""user"", ""content"": ""\nHere is the text-based representation of two lines.\n\n|------------------=-----=----           |\n|-----~---------~------------------------| \n\nFinal Answer:\n""}, {""role"": ""assistant"", ""content"": ""0.72""}, {""role"": ""user"", ""content"": ""\nHere is the text-based representation of two lines.\n\n|------------~                           |\n|----------.------------.----------------| \n\nFinal Answer:\n""}, {""role"": ""assistant"", ""content"": ""0.39""}, {""role"": ""user"", ""content"": ""\nHere is the text-based representation of two lines.\n\n|---------=--~--                         |\n|---------------=---------=--------------| \n\nFinal Answer:\n""}]",0.49,
google/gemini-2.5-flash-lite,sample_006,0.378,0.378,0.378,0.35,"[{""role"": ""system"", ""content"": ""You are a lines length ratio estimator.\n        You are given a text-based representation of two lines. The representation is delimited by vertical bars: |...|. Ignore space characters when considering its length.\n\n        Estimate the ratio of the shorter line to the longer line as a decimal number between 0 and 1.\n\n        Do not explain or reason. Only output the final answer as a number after Final Answer:\n""}, {""role"": ""user"", ""content"": ""\nHere is the text-based representation of two lines.\n\n|-----------------------~-.              |\n|-----=---------------------------------.| \n\nFinal Answer:\n""}, {""role"": ""assistant"", ""content"": ""0.51""}, {""role"": ""user"", ""content"": ""\nHere is the text-based representation of two lines.\n\n|--------=--------------                 |\n|-----------=------------- --------------| \n\nFinal Answer:\n""}, {""role"": ""assistant"", ""content"": ""0.64""}, {""role"": ""user"", ""content"": ""\nHere is the text-based representation of two lines.\n\n|------------------=-----=----           |\n|-----~---------~------------------------| \n\nFinal Answer:\n""}, {""role"": ""assistant"", ""content"": ""0.72""}, {""role"": ""user"", ""content"": ""\nHere is the text-based representation of two lines.\n\n|------------~                           |\n|----------.------------.----------------| \n\nFinal Answer:\n""}, {""role"": ""assistant"", ""content"": ""0.39""}, {""role"": ""user"", ""content"": ""\nHere is the text-based representation of two lines.\n\n|---------=--~--                         |\n|---------------=---------=--------------| \n\nFinal Answer:\n""}, {""role"": ""assistant"", ""content"": ""0.49""}, {""role"": ""user"", ""content"": ""\nHere is the text-based representation of two lines.\n\n|----.--------~-                         |\n|-----------------------.--.-------------| \n\nFinal Answer:\n""}]",0.35,
google/gemini-2.5-flash-lite,sample_007,0.5993,0.5993,0.5993,0.69,"[{""role"": ""system"", ""content"": ""You are a lines length ratio estimator.\n        You are given a text-based representation of two lines. The representation is delimited by vertical bars: |...|. Ignore space characters when considering its length.\n\n        Estimate the ratio of the shorter line to the longer line as a decimal number between 0 and 1.\n\n        Do not explain or reason. Only output the final answer as a number after Final Answer:\n""}, {""role"": ""user"", ""content"": ""\nHere is the text-based representation of two lines.\n\n|-----------------------~-.              |\n|-----=---------------------------------.| \n\nFinal Answer:\n""}, {""role"": ""assistant"", ""content"": ""0.51""}, {""role"": ""user"", ""content"": ""\nHere is the text-based representation of two lines.\n\n|--------=--------------                 |\n|-----------=------------- --------------| \n\nFinal Answer:\n""}, {""role"": ""assistant"", ""content"": ""0.64""}, {""role"": ""user"", ""content"": ""\nHere is the text-based representation of two lines.\n\n|------------------=-----=----           |\n|-----~---------~------------------------| \n\nFinal Answer:\n""}, {""role"": ""assistant"", ""content"": ""0.72""}, {""role"": ""user"", ""content"": ""\nHere is the text-based representation of two lines.\n\n|------------~                           |\n|----------.------------.----------------| \n\nFinal Answer:\n""}, {""role"": ""assistant"", ""content"": ""0.39""}, {""role"": ""user"", ""content"": ""\nHere is the text-based representation of two lines.\n\n|---------=--~--                         |\n|---------------=---------=--------------| \n\nFinal Answer:\n""}, {""role"": ""assistant"", ""content"": ""0.49""}, {""role"": ""user"", ""content"": ""\nHere is the text-based representation of two lines.\n\n|----.--------~-                         |\n|-----------------------.--.-------------| \n\nFinal Answer:\n""}, {""role"": ""assistant"", ""content"": ""0.35""}, {""role"": ""user"", ""content"": ""\nHere is the text-based representation of two lines.\n\n|-~-------------------=-                 |\n|--.-------- ----------------------------| \n\nFinal Answer:\n""}]",0.69,
google/gemini-2.5-flash-lite,sample_008,0.666,0.666,0.666,0.51,"[{""role"": ""system"", ""content"": ""You are a lines length ratio estimator.\n        You are given a text-based representation of two lines. The representation is delimited by vertical bars: |...|. Ignore space characters when considering its length.\n\n        Estimate the ratio of the shorter line to the longer line as a decimal number between 0 and 1.\n\n        Do not explain or reason. Only output the final answer as a number after Final Answer:\n""}, {""role"": ""user"", ""content"": ""\nHere is the text-based representation of two lines.\n\n|-----------------------~-.              |\n|-----=---------------------------------.| \n\nFinal Answer:\n""}, {""role"": ""assistant"", ""content"": ""0.51""}, {""role"": ""user"", ""content"": ""\nHere is the text-based representation of two lines.\n\n|--------=--------------                 |\n|-----------=------------- --------------| \n\nFinal Answer:\n""}, {""role"": ""assistant"", ""content"": ""0.64""}, {""role"": ""user"", ""content"": ""\nHere is the text-based representation of two lines.\n\n|------------------=-----=----           |\n|-----~---------~------------------------| \n\nFinal Answer:\n""}, {""role"": ""assistant"", ""content"": ""0.72""}, {""role"": ""user"", ""content"": ""\nHere is the text-based representation of two lines.\n\n|------------~                           |\n|----------.------------.----------------| \n\nFinal Answer:\n""}, {""role"": ""assistant"", ""content"": ""0.39""}, {""role"": ""user"", ""content"": ""\nHere is the text-based representation of two lines.\n\n|---------=--~--                         |\n|---------------=---------=--------------| \n\nFinal Answer:\n""}, {""role"": ""assistant"", ""content"": ""0.49""}, {""role"": ""user"", ""content"": ""\nHere is the text-based representation of two lines.\n\n|----.--------~-                         |\n|-----------------------.--.-------------| \n\nFinal Answer:\n""}, {""role"": ""assistant"", ""content"": ""0.35""}, {""role"": ""user"", ""content"": ""\nHere is the text-based representation of two lines.\n\n|-~-------------------=-                 |\n|--.-------- ----------------------------| \n\nFinal Answer:\n""}, {""role"": ""assistant"", ""content"": ""0.69""}, {""role"": ""user"", ""content"": ""\nHere is the text-based representation of two lines.\n\n|--------------~~----------              |\n|----~------- ---------------------------| \n\nFinal Answer:\n""}]",0.51,
google/gemini-2.5-flash-lite,sample_009,0.7754,0.7754,0.7754,0.61,"[{""role"": ""system"", ""content"": ""You are a lines length ratio estimator.\n        You are given a text-based representation of two lines. The representation is delimited by vertical bars: |...|. Ignore space characters when considering its length.\n\n        Estimate the ratio of the shorter line to the longer line as a decimal number between 0 and 1.\n\n        Do not explain or reason. Only output the final answer as a number after Final Answer:\n""}, {""role"": ""user"", ""content"": ""\nHere is the text-based representation of two lines.\n\n|-----------------------~-.              |\n|-----=---------------------------------.| \n\nFinal Answer:\n""}, {""role"": ""assistant"", ""content"": ""0.51""}, {""role"": ""user"", ""content"": ""\nHere is the text-based representation of two lines.\n\n|--------=--------------                 |\n|-----------=------------- --------------| \n\nFinal Answer:\n""}, {""role"": ""assistant"", ""content"": ""0.64""}, {""role"": ""user"", ""content"": ""\nHere is the text-based representation of two lines.\n\n|------------------=-----=----           |\n|-----~---------~------------------------| \n\nFinal Answer:\n""}, {""role"": ""assistant"", ""content"": ""0.72""}, {""role"": ""user"", ""content"": ""\nHere is the text-based representation of two lines.\n\n|------------~                           |\n|----------.------------.----------------| \n\nFinal Answer:\n""}, {""role"": ""assistant"", ""content"": ""0.39""}, {""role"": ""user"", ""content"": ""\nHere is the text-based representation of two lines.\n\n|---------=--~--                         |\n|---------------=---------=--------------| \n\nFinal Answer:\n""}, {""role"": ""assistant"", ""content"": ""0.49""}, {""role"": ""user"", ""content"": ""\nHere is the text-based representation of two lines.\n\n|----.--------~-                         |\n|-----------------------.--.-------------| \n\nFinal Answer:\n""}, {""role"": ""assistant"", ""content"": ""0.35""}, {""role"": ""user"", ""content"": ""\nHere is the text-based representation of two lines.\n\n|-~-------------------=-                 |\n|--.-------- ----------------------------| \n\nFinal Answer:\n""}, {""role"": ""assistant"", ""content"": ""0.69""}, {""role"": ""user"", ""content"": ""\nHere is the text-based representation of two lines.\n\n|--------------~~----------              |\n|----~------- ---------------------------| \n\nFinal Answer:\n""}, {""role"": ""assistant"", ""content"": ""0.51""}, {""role"": ""user"", ""content"": ""\nHere is the text-based representation of two lines.\n\n|------=---------------~--------         |\n|------=- -------------------------------| \n\nFinal Answer:\n""}]",0.61,
google/gemini-2.5-flash-lite,sample_010,0.4873,0.4873,0.4873,0.47,"[{""role"": ""system"", ""content"": ""You are a lines length ratio estimator.\n        You are given a text-based representation of two lines. The representation is delimited by vertical bars: |...|. Ignore space characters when considering its length.\n\n        Estimate the ratio of the shorter line to the longer line as a decimal number between 0 and 1.\n\n        Do not explain or reason. Only output the final answer as a number after Final Answer:\n""}, {""role"": ""user"", ""content"": ""\nHere is the text-based representation of two lines.\n\n|-----------------------~-.              |\n|-----=---------------------------------.| \n\nFinal Answer:\n""}, {""role"": ""assistant"", ""content"": ""0.51""}, {""role"": ""user"", ""content"": ""\nHere is the text-based representation of two lines.\n\n|--------=--------------                 |\n|-----------=------------- --------------| \n\nFinal Answer:\n""}, {""role"": ""assistant"", ""content"": ""0.64""}, {""role"": ""user"", ""content"": ""\nHere is the text-based representation of two lines.\n\n|------------------=-----=----           |\n|-----~---------~------------------------| \n\nFinal Answer:\n""}, {""role"": ""assistant"", ""content"": ""0.72""}, {""role"": ""user"", ""content"": ""\nHere is the text-based representation of two lines.\n\n|------------~                           |\n|----------.------------.----------------| \n\nFinal Answer:\n""}, {""role"": ""assistant"", ""content"": ""0.39""}, {""role"": ""user"", ""content"": ""\nHere is the text-based representation of two lines.\n\n|---------=--~--                         |\n|---------------=---------=--------------| \n\nFinal Answer:\n""}, {""role"": ""assistant"", ""content"": ""0.49""}, {""role"": ""user"", ""content"": ""\nHere is the text-based representation of two lines.\n\n|----.--------~-                         |\n|-----------------------.--.-------------| \n\nFinal Answer:\n""}, {""role"": ""assistant"", ""content"": ""0.35""}, {""role"": ""user"", ""content"": ""\nHere is the text-based representation of two lines.\n\n|-~-------------------=-                 |\n|--.-------- ----------------------------| \n\nFinal Answer:\n""}, {""role"": ""assistant"", ""content"": ""0.69""}, {""role"": ""user"", ""content"": ""\nHere is the text-based representation of two lines.\n\n|--------------~~----------              |\n|----~------- ---------------------------| \n\nFinal Answer:\n""}, {""role"": ""assistant"", ""content"": ""0.51""}, {""role"": ""user"", ""content"": ""\nHere is the text-based representation of two lines.\n\n|------=---------------~--------         |\n|------=- -------------------------------| \n\nFinal Answer:\n""}, {""role"": ""assistant"", ""content"": ""0.61""}, {""role"": ""user"", ""content"": ""\nHere is the text-based representation of two lines.\n\n|--=------.---------                     |\n|-----------.----------------------------| \n\nFinal Answer:\n""}]",0.47,
google/gemini-2.5-flash-lite,sample_001,0.654,0.654,0.654,0.8695652173913043,"[{""role"": ""system"", ""content"": ""You are a lines length ratio estimator.\n        You are given a text-based representation of two lines. The representation is delimited by vertical bars: |...|. Ignore space characters when considering its length.\n\n        Estimate the ratio of the shorter line to the longer line as a decimal number between 0 and 1.\n\n        Do not explain or reason. Only output the final answer as a number after Final Answer:\n""}, {""role"": ""user"", ""content"": ""\nHere is the text-based representation of two lines.\n\n|-----------------------~-.              |\n|-----=---------------------------------.| \n\nFinal Answer:\n""}]",0.8695652173913043,
google/gemini-2.5-flash-lite,sample_002,0.6006,0.6006,0.6006,0.7692307692307693,"[{""role"": ""system"", ""content"": ""You are a lines length ratio estimator.\n        You are given a text-based representation of two lines. The representation is delimited by vertical bars: |...|. Ignore space characters when considering its length.\n\n        Estimate the ratio of the shorter line to the longer line as a decimal number between 0 and 1.\n\n        Do not explain or reason. Only output the final answer as a number after Final Answer:\n""}, {""role"": ""user"", ""content"": ""\nHere is the text-based representation of two lines.\n\n|-----------------------~-.              |\n|-----=---------------------------------.| \n\nFinal Answer:\n""}, {""role"": ""assistant"", ""content"": ""0.8695652173913043""}, {""role"": ""user"", ""content"": ""\nHere is the text-based representation of two lines.\n\n|--------=--------------                 |\n|-----------=------------- --------------| \n\nFinal Answer:\n""}]",0.7692307692307693,
google/gemini-2.5-flash-lite,sample_003,0.7331,0.7331,0.7331,0.782608695652174,"[{""role"": ""system"", ""content"": ""You are a lines length ratio estimator.\n        You are given a text-based representation of two lines. The representation is delimited by vertical bars: |...|. Ignore space characters when considering its length.\n\n        Estimate the ratio of the shorter line to the longer line as a decimal number between 0 and 1.\n\n        Do not explain or reason. Only output the final answer as a number after Final Answer:\n""}, {""role"": ""user"", ""content"": ""\nHere is the text-based representation of two lines.\n\n|-----------------------~-.              |\n|-----=---------------------------------.| \n\nFinal Answer:\n""}, {""role"": ""assistant"", ""content"": ""0.8695652173913043""}, {""role"": ""user"", ""content"": ""\nHere is the text-based representation of two lines.\n\n|--------=--------------                 |\n|-----------=------------- --------------| \n\nFinal Answer:\n""}, {""role"": ""assistant"", ""content"": ""0.7692307692307693""}, {""role"": ""user"", ""content"": ""\nHere is the text-based representation of two lines.\n\n|------------------=-----=----           |\n|-----~---------~------------------------| \n\nFinal Answer:\n""}]",0.782608695652174,
google/gemini-2.5-flash-lite,sample_004,0.329,0.329,0.329,0.391304347826087,"[{""role"": ""system"", ""content"": ""You are a lines length ratio estimator.\n        You are given a text-based representation of two lines. The representation is delimited by vertical bars: |...|. Ignore space characters when considering its length.\n\n        Estimate the ratio of the shorter line to the longer line as a decimal number between 0 and 1.\n\n        Do not explain or reason. Only output the final answer as a number after Final Answer:\n""}, {""role"": ""user"", ""content"": ""\nHere is the text-based representation of two lines.\n\n|-----------------------~-.              |\n|-----=---------------------------------.| \n\nFinal Answer:\n""}, {""role"": ""assistant"", ""content"": ""0.8695652173913043""}, {""role"": ""user"", ""content"": ""\nHere is the text-based representation of two lines.\n\n|--------=--------------                 |\n|-----------=------------- --------------| \n\nFinal Answer:\n""}, {""role"": ""assistant"", ""content"": ""0.7692307692307693""}, {""role"": ""user"", ""content"": ""\nHere is the text-based representation of two lines.\n\n|------------------=-----=----           |\n|-----~---------~------------------------| \n\nFinal Answer:\n""}, {""role"": ""assistant"", ""content"": ""0.782608695652174""}, {""role"": ""user"", ""content"": ""\nHere is the text-based representation of two lines.\n\n|------------~                           |\n|----------.------------.----------------| \n\nFinal Answer:\n""}]",0.391304347826087,
google/gemini-2.5-flash-lite,sample_005,0.378,0.378,0.378,0.5217391304347826,"[{""role"": ""system"", ""content"": ""You are a lines length ratio estimator.\n        You are given a text-based representation of two lines. The representation is delimited by vertical bars: |...|. Ignore space characters when considering its length.\n\n        Estimate the ratio of the shorter line to the longer line as a decimal number between 0 and 1.\n\n        Do not explain or reason. Only output the final answer as a number after Final Answer:\n""}, {""role"": ""user"", ""content"": ""\nHere is the text-based representation of two lines.\n\n|-----------------------~-.              |\n|-----=---------------------------------.| \n\nFinal Answer:\n""}, {""role"": ""assistant"", ""content"": ""0.8695652173913043""}, {""role"": ""user"", ""content"": ""\nHere is the text-based representation of two lines.\n\n|--------=--------------                 |\n|-----------=------------- --------------| \n\nFinal Answer:\n""}, {""role"": ""assistant"", ""content"": ""0.7692307692307693""}, {""role"": ""user"", ""content"": ""\nHere is the text-based representation of two lines.\n\n|------------------=-----=----           |\n|-----~---------~------------------------| \n\nFinal Answer:\n""}, {""role"": ""assistant"", ""content"": ""0.782608695652174""}, {""role"": ""user"", ""content"": ""\nHere is the text-based representation of two lines.\n\n|------------~                           |\n|----------.------------.----------------| \n\nFinal Answer:\n""}, {""role"": ""assistant"", ""content"": ""0.391304347826087""}, {""role"": ""user"", ""content"": ""\nHere is the text-based representation of two lines.\n\n|---------=--~--                         |\n|---------------=---------=--------------| \n\nFinal Answer:\n""}]",0.5217391304347826,
google/gemini-2.5-flash-lite,sample_006,0.378,0.378,0.378,0.4166666666666667,"[{""role"": ""system"", ""content"": ""You are a lines length ratio estimator.\n        You are given a text-based representation of two lines. The representation is delimited by vertical bars: |...|. Ignore space characters when considering its length.\n\n        Estimate the ratio of the shorter line to the longer line as a decimal number between 0 and 1.\n\n        Do not explain or reason. Only output the final answer as a number after Final Answer:\n""}, {""role"": ""user"", ""content"": ""\nHere is the text-based representation of two lines.\n\n|-----------------------~-.              |\n|-----=---------------------------------.| \n\nFinal Answer:\n""}, {""role"": ""assistant"", ""content"": ""0.8695652173913043""}, {""role"": ""user"", ""content"": ""\nHere is the text-based representation of two lines.\n\n|--------=--------------                 |\n|-----------=------------- --------------| \n\nFinal Answer:\n""}, {""role"": ""assistant"", ""content"": ""0.7692307692307693""}, {""role"": ""user"", ""content"": ""\nHere is the text-based representation of two lines.\n\n|------------------=-----=----           |\n|-----~---------~------------------------| \n\nFinal Answer:\n""}, {""role"": ""assistant"", ""content"": ""0.782608695652174""}, {""role"": ""user"", ""content"": ""\nHere is the text-based representation of two lines.\n\n|------------~                           |\n|----------.------------.----------------| \n\nFinal Answer:\n""}, {""role"": ""assistant"", ""content"": ""0.391304347826087""}, {""role"": ""user"", ""content"": ""\nHere is the text-based representation of two lines.\n\n|---------=--~--                         |\n|---------------=---------=--------------| \n\nFinal Answer:\n""}, {""role"": ""assistant"", ""content"": ""0.5217391304347826""}, {""role"": ""user"", ""content"": ""\nHere is the text-based representation of two lines.\n\n|----.--------~-                         |\n|-----------------------.--.-------------| \n\nFinal Answer:\n""}]",0.4166666666666667,
google/gemini-2.5-flash-lite,sample_007,0.5993,0.5993,0.5993,0.75,"[{""role"": ""system"", ""content"": ""You are a lines length ratio estimator.\n        You are given a text-based representation of two lines. The representation is delimited by vertical bars: |...|. Ignore space characters when considering its length.\n\n        Estimate the ratio of the shorter line to the longer line as a decimal number between 0 and 1.\n\n        Do not explain or reason. Only output the final answer as a number after Final Answer:\n""}, {""role"": ""user"", ""content"": ""\nHere is the text-based representation of two lines.\n\n|-----------------------~-.              |\n|-----=---------------------------------.| \n\nFinal Answer:\n""}, {""role"": ""assistant"", ""content"": ""0.8695652173913043""}, {""role"": ""user"", ""content"": ""\nHere is the text-based representation of two lines.\n\n|--------=--------------                 |\n|-----------=------------- --------------| \n\nFinal Answer:\n""}, {""role"": ""assistant"", ""content"": ""0.7692307692307693""}, {""role"": ""user"", ""content"": ""\nHere is the text-based representation of two lines.\n\n|------------------=-----=----           |\n|-----~---------~------------------------| \n\nFinal Answer:\n""}, {""role"": ""assistant"", ""content"": ""0.782608695652174""}, {""role"": ""user"", ""content"": ""\nHere is the text-based representation of two lines.\n\n|------------~                           |\n|----------.------------.----------------| \n\nFinal Answer:\n""}, {""role"": ""assistant"", ""content"": ""0.391304347826087""}, {""role"": ""user"", ""content"": ""\nHere is the text-based representation of two lines.\n\n|---------=--~--                         |\n|---------------=---------=--------------| \n\nFinal Answer:\n""}, {""role"": ""assistant"", ""content"": ""0.5217391304347826""}, {""role"": ""user"", ""content"": ""\nHere is the text-based representation of two lines.\n\n|----.--------~-                         |\n|-----------------------.--.-------------| \n\nFinal Answer:\n""}, {""role"": ""assistant"", ""content"": ""0.4166666666666667""}, {""role"": ""user"", ""content"": ""\nHere is the text-based representation of two lines.\n\n|-~-------------------=-                 |\n|--.-------- ----------------------------| \n\nFinal Answer:\n""}]",0.75,
google/gemini-2.5-flash-lite,sample_008,0.666,0.666,0.666,0.6153846153846154,"[{""role"": ""system"", ""content"": ""You are a lines length ratio estimator.\n        You are given a text-based representation of two lines. The representation is delimited by vertical bars: |...|. Ignore space characters when considering its length.\n\n        Estimate the ratio of the shorter line to the longer line as a decimal number between 0 and 1.\n\n        Do not explain or reason. Only output the final answer as a number after Final Answer:\n""}, {""role"": ""user"", ""content"": ""\nHere is the text-based representation of two lines.\n\n|-----------------------~-.              |\n|-----=---------------------------------.| \n\nFinal Answer:\n""}, {""role"": ""assistant"", ""content"": ""0.8695652173913043""}, {""role"": ""user"", ""content"": ""\nHere is the text-based representation of two lines.\n\n|--------=--------------                 |\n|-----------=------------- --------------| \n\nFinal Answer:\n""}, {""role"": ""assistant"", ""content"": ""0.7692307692307693""}, {""role"": ""user"", ""content"": ""\nHere is the text-based representation of two lines.\n\n|------------------=-----=----           |\n|-----~---------~------------------------| \n\nFinal Answer:\n""}, {""role"": ""assistant"", ""content"": ""0.782608695652174""}, {""role"": ""user"", ""content"": ""\nHere is the text-based representation of two lines.\n\n|------------~                           |\n|----------.------------.----------------| \n\nFinal Answer:\n""}, {""role"": ""assistant"", ""content"": ""0.391304347826087""}, {""role"": ""user"", ""content"": ""\nHere is the text-based representation of two lines.\n\n|---------=--~--                         |\n|---------------=---------=--------------| \n\nFinal Answer:\n""}, {""role"": ""assistant"", ""content"": ""0.5217391304347826""}, {""role"": ""user"", ""content"": ""\nHere is the text-based representation of two lines.\n\n|----.--------~-                         |\n|-----------------------.--.-------------| \n\nFinal Answer:\n""}, {""role"": ""assistant"", ""content"": ""0.4166666666666667""}, {""role"": ""user"", ""content"": ""\nHere is the text-based representation of two lines.\n\n|-~-------------------=-                 |\n|--.-------- ----------------------------| \n\nFinal Answer:\n""}, {""role"": ""assistant"", ""content"": ""0.75""}, {""role"": ""user"", ""content"": ""\nHere is the text-based representation of two lines.\n\n|--------------~~----------              |\n|----~------- ---------------------------| \n\nFinal Answer:\n""}]",0.6153846153846154,
google/gemini-2.5-flash-lite,sample_009,0.7754,0.7754,0.7754,0.6428571428571429,"[{""role"": ""system"", ""content"": ""You are a lines length ratio estimator.\n        You are given a text-based representation of two lines. The representation is delimited by vertical bars: |...|. Ignore space characters when considering its length.\n\n        Estimate the ratio of the shorter line to the longer line as a decimal number between 0 and 1.\n\n        Do not explain or reason. Only output the final answer as a number after Final Answer:\n""}, {""role"": ""user"", ""content"": ""\nHere is the text-based representation of two lines.\n\n|-----------------------~-.              |\n|-----=---------------------------------.| \n\nFinal Answer:\n""}, {""role"": ""assistant"", ""content"": ""0.8695652173913043""}, {""role"": ""user"", ""content"": ""\nHere is the text-based representation of two lines.\n\n|--------=--------------                 |\n|-----------=------------- --------------| \n\nFinal Answer:\n""}, {""role"": ""assistant"", ""content"": ""0.7692307692307693""}, {""role"": ""user"", ""content"": ""\nHere is the text-based representation of two lines.\n\n|------------------=-----=----           |\n|-----~---------~------------------------| \n\nFinal Answer:\n""}, {""role"": ""assistant"", ""content"": ""0.782608695652174""}, {""role"": ""user"", ""content"": ""\nHere is the text-based representation of two lines.\n\n|------------~                           |\n|----------.------------.----------------| \n\nFinal Answer:\n""}, {""role"": ""assistant"", ""content"": ""0.391304347826087""}, {""role"": ""user"", ""content"": ""\nHere is the text-based representation of two lines.\n\n|---------=--~--                         |\n|---------------=---------=--------------| \n\nFinal Answer:\n""}, {""role"": ""assistant"", ""content"": ""0.5217391304347826""}, {""role"": ""user"", ""content"": ""\nHere is the text-based representation of two lines.\n\n|----.--------~-                         |\n|-----------------------.--.-------------| \n\nFinal Answer:\n""}, {""role"": ""assistant"", ""content"": ""0.4166666666666667""}, {""role"": ""user"", ""content"": ""\nHere is the text-based representation of two lines.\n\n|-~-------------------=-                 |\n|--.-------- ----------------------------| \n\nFinal Answer:\n""}, {""role"": ""assistant"", ""content"": ""0.75""}, {""role"": ""user"", ""content"": ""\nHere is the text-based representation of two lines.\n\n|--------------~~----------              |\n|----~------- ---------------------------| \n\nFinal Answer:\n""}, {""role"": ""assistant"", ""content"": ""0.6153846153846154""}, {""role"": ""user"", ""content"": ""\nHere is the text-based representation of two lines.\n\n|------=---------------~--------         |\n|------=- -------------------------------| \n\nFinal Answer:\n""}]",0.6428571428571429,
google/gemini-2.5-flash-lite,sample_010,0.4873,0.4873,0.4873,0.5833333333333334,"[{""role"": ""system"", ""content"": ""You are a lines length ratio estimator.\n        You are given a text-based representation of two lines. The representation is delimited by vertical bars: |...|. Ignore space characters when considering its length.\n\n        Estimate the ratio of the shorter line to the longer line as a decimal number between 0 and 1.\n\n        Do not explain or reason. Only output the final answer as a number after Final Answer:\n""}, {""role"": ""user"", ""content"": ""\nHere is the text-based representation of two lines.\n\n|-----------------------~-.              |\n|-----=---------------------------------.| \n\nFinal Answer:\n""}, {""role"": ""assistant"", ""content"": ""0.8695652173913043""}, {""role"": ""user"", ""content"": ""\nHere is the text-based representation of two lines.\n\n|--------=--------------                 |\n|-----------=------------- --------------| \n\nFinal Answer:\n""}, {""role"": ""assistant"", ""content"": ""0.7692307692307693""}, {""role"": ""user"", ""content"": ""\nHere is the text-based representation of two lines.\n\n|------------------=-----=----           |\n|-----~---------~------------------------| \n\nFinal Answer:\n""}, {""role"": ""assistant"", ""content"": ""0.782608695652174""}, {""role"": ""user"", ""content"": ""\nHere is the text-based representation of two lines.\n\n|------------~                           |\n|----------.------------.----------------| \n\nFinal Answer:\n""}, {""role"": ""assistant"", ""content"": ""0.391304347826087""}, {""role"": ""user"", ""content"": ""\nHere is the text-based representation of two lines.\n\n|---------=--~--                         |\n|---------------=---------=--------------| \n\nFinal Answer:\n""}, {""role"": ""assistant"", ""content"": ""0.5217391304347826""}, {""role"": ""user"", ""content"": ""\nHere is the text-based representation of two lines.\n\n|----.--------~-                         |\n|-----------------------.--.-------------| \n\nFinal Answer:\n""}, {""role"": ""assistant"", ""content"": ""0.4166666666666667""}, {""role"": ""user"", ""content"": ""\nHere is the text-based representation of two lines.\n\n|-~-------------------=-                 |\n|--.-------- ----------------------------| \n\nFinal Answer:\n""}, {""role"": ""assistant"", ""content"": ""0.75""}, {""role"": ""user"", ""content"": ""\nHere is the text-based representation of two lines.\n\n|--------------~~----------              |\n|----~------- ---------------------------| \n\nFinal Answer:\n""}, {""role"": ""assistant"", ""content"": ""0.6153846153846154""}, {""role"": ""user"", ""content"": ""\nHere is the text-based representation of two lines.\n\n|------=---------------~--------         |\n|------=- -------------------------------| \n\nFinal Answer:\n""}, {""role"": ""assistant"", ""content"": ""0.6428571428571429""}, {""role"": ""user"", ""content"": ""\nHere is the text-based representation of two lines.\n\n|--=------.---------                     |\n|-----------.----------------------------| \n\nFinal Answer:\n""}]",0.5833333333333334,
google/gemini-2.5-flash-lite,sample_001,0.654,0.654,0.654,0.47058823529411764,"[{""role"": ""system"", ""content"": ""You are a lines length ratio estimator.\n        You are given a text-based representation of two lines. The representation is delimited by vertical bars: |...|. Ignore space characters when considering its length.\n\n        Estimate the ratio of the shorter line to the longer line as a decimal number between 0 and 1.\n\n        Do not explain or reason. Only output the final answer as a number after Final Answer:\n""}, {""role"": ""user"", ""content"": ""\nHere is the text-based representation of two lines.\n\n|-----------------------~-.              |\n|-----=---------------------------------.| \n\nFinal Answer:\n""}]",0.47058823529411764,
google/gemini-2.5-flash-lite,sample_002,0.6006,0.6006,0.6006,0.6428571428571429,"[{""role"": ""system"", ""content"": ""You are a lines length ratio estimator.\n        You are given a text-based representation of two lines. The representation is delimited by vertical bars: |...|. Ignore space characters when considering its length.\n\n        Estimate the ratio of the shorter line to the longer line as a decimal number between 0 and 1.\n\n        Do not explain or reason. Only output the final answer as a number after Final Answer:\n""}, {""role"": ""user"", ""content"": ""\nHere is the text-based representation of two lines.\n\n|-----------------------~-.              |\n|-----=---------------------------------.| \n\nFinal Answer:\n""}, {""role"": ""assistant"", ""content"": ""0.47058823529411764""}, {""role"": ""user"", ""content"": ""\nHere is the text-based representation of two lines.\n\n|--------=--------------                 |\n|-----------=------------- --------------| \n\nFinal Answer:\n""}]",0.6428571428571429,
google/gemini-2.5-flash-lite,sample_003,0.7331,0.7331,0.7331,0.5862068965517241,"[{""role"": ""system"", ""content"": ""You are a lines length ratio estimator.\n        You are given a text-based representation of two lines. The representation is delimited by vertical bars: |...|. Ignore space characters when considering its length.\n\n        Estimate the ratio of the shorter line to the longer line as a decimal number between 0 and 1.\n\n        Do not explain or reason. Only output the final answer as a number after Final Answer:\n""}, {""role"": ""user"", ""content"": ""\nHere is the text-based representation of two lines.\n\n|-----------------------~-.              |\n|-----=---------------------------------.| \n\nFinal Answer:\n""}, {""role"": ""assistant"", ""content"": ""0.47058823529411764""}, {""role"": ""user"", ""content"": ""\nHere is the text-based representation of two lines.\n\n|--------=--------------                 |\n|-----------=------------- --------------| \n\nFinal Answer:\n""}, {""role"": ""assistant"", ""content"": ""0.6428571428571429""}, {""role"": ""user"", ""content"": ""\nHere is the text-based representation of two lines.\n\n|------------------=-----=----           |\n|-----~---------~------------------------| \n\nFinal Answer:\n""}]",0.5862068965517241,
google/gemini-2.5-flash-lite,sample_004,0.329,0.329,0.329,0.35714285714285715,"[{""role"": ""system"", ""content"": ""You are a lines length ratio estimator.\n        You are given a text-based representation of two lines. The representation is delimited by vertical bars: |...|. Ignore space characters when considering its length.\n\n        Estimate the ratio of the shorter line to the longer line as a decimal number between 0 and 1.\n\n        Do not explain or reason. Only output the final answer as a number after Final Answer:\n""}, {""role"": ""user"", ""content"": ""\nHere is the text-based representation of two lines.\n\n|-----------------------~-.              |\n|-----=---------------------------------.| \n\nFinal Answer:\n""}, {""role"": ""assistant"", ""content"": ""0.47058823529411764""}, {""role"": ""user"", ""content"": ""\nHere is the text-based representation of two lines.\n\n|--------=--------------                 |\n|-----------=------------- --------------| \n\nFinal Answer:\n""}, {""role"": ""assistant"", ""content"": ""0.6428571428571429""}, {""role"": ""user"", ""content"": ""\nHere is the text-based representation of two lines.\n\n|------------------=-----=----           |\n|-----~---------~------------------------| \n\nFinal Answer:\n""}, {""role"": ""assistant"", ""content"": ""0.5862068965517241""}, {""role"": ""user"", ""content"": ""\nHere is the text-based representation of two lines.\n\n|------------~                           |\n|----------.------------.----------------| \n\nFinal Answer:\n""}]",0.35714285714285715,
google/gemini-2.5-flash-lite,sample_005,0.378,0.378,0.378,0.4375,"[{""role"": ""system"", ""content"": ""You are a lines length ratio estimator.\n        You are given a text-based representation of two lines. The representation is delimited by vertical bars: |...|. Ignore space characters when considering its length.\n\n        Estimate the ratio of the shorter line to the longer line as a decimal number between 0 and 1.\n\n        Do not explain or reason. Only output the final answer as a number after Final Answer:\n""}, {""role"": ""user"", ""content"": ""\nHere is the text-based representation of two lines.\n\n|-----------------------~-.              |\n|-----=---------------------------------.| \n\nFinal Answer:\n""}, {""role"": ""assistant"", ""content"": ""0.47058823529411764""}, {""role"": ""user"", ""content"": ""\nHere is the text-based representation of two lines.\n\n|--------=--------------                 |\n|-----------=------------- --------------| \n\nFinal Answer:\n""}, {""role"": ""assistant"", ""content"": ""0.6428571428571429""}, {""role"": ""user"", ""content"": ""\nHere is the text-based representation of two lines.\n\n|------------------=-----=----           |\n|-----~---------~------------------------| \n\nFinal Answer:\n""}, {""role"": ""assistant"", ""content"": ""0.5862068965517241""}, {""role"": ""user"", ""content"": ""\nHere is the text-based representation of two lines.\n\n|------------~                           |\n|----------.------------.----------------| \n\nFinal Answer:\n""}, {""role"": ""assistant"", ""content"": ""0.35714285714285715""}, {""role"": ""user"", ""content"": ""\nHere is the text-based representation of two lines.\n\n|---------=--~--                         |\n|---------------=---------=--------------| \n\nFinal Answer:\n""}]",0.4375,
google/gemini-2.5-flash-lite,sample_006,0.378,0.378,0.378,0.375,"[{""role"": ""system"", ""content"": ""You are a lines length ratio estimator.\n        You are given a text-based representation of two lines. The representation is delimited by vertical bars: |...|. Ignore space characters when considering its length.\n\n        Estimate the ratio of the shorter line to the longer line as a decimal number between 0 and 1.\n\n        Do not explain or reason. Only output the final answer as a number after Final Answer:\n""}, {""role"": ""user"", ""content"": ""\nHere is the text-based representation of two lines.\n\n|-----------------------~-.              |\n|-----=---------------------------------.| \n\nFinal Answer:\n""}, {""role"": ""assistant"", ""content"": ""0.47058823529411764""}, {""role"": ""user"", ""content"": ""\nHere is the text-based representation of two lines.\n\n|--------=--------------                 |\n|-----------=------------- --------------| \n\nFinal Answer:\n""}, {""role"": ""assistant"", ""content"": ""0.6428571428571429""}, {""role"": ""user"", ""content"": ""\nHere is the text-based representation of two lines.\n\n|------------------=-----=----           |\n|-----~---------~------------------------| \n\nFinal Answer:\n""}, {""role"": ""assistant"", ""content"": ""0.5862068965517241""}, {""role"": ""user"", ""content"": ""\nHere is the text-based representation of two lines.\n\n|------------~                           |\n|----------.------------.----------------| \n\nFinal Answer:\n""}, {""role"": ""assistant"", ""content"": ""0.35714285714285715""}, {""role"": ""user"", ""content"": ""\nHere is the text-based representation of two lines.\n\n|---------=--~--                         |\n|---------------=---------=--------------| \n\nFinal Answer:\n""}, {""role"": ""assistant"", ""content"": ""0.4375""}, {""role"": ""user"", ""content"": ""\nHere is the text-based representation of two lines.\n\n|----.--------~-                         |\n|-----------------------.--.-------------| \n\nFinal Answer:\n""}]",0.375,
google/gemini-2.5-flash-lite,sample_007,0.5993,0.5993,0.5993,0.5172413793103449,"[{""role"": ""system"", ""content"": ""You are a lines length ratio estimator.\n        You are given a text-based representation of two lines. The representation is delimited by vertical bars: |...|. Ignore space characters when considering its length.\n\n        Estimate the ratio of the shorter line to the longer line as a decimal number between 0 and 1.\n\n        Do not explain or reason. Only output the final answer as a number after Final Answer:\n""}, {""role"": ""user"", ""content"": ""\nHere is the text-based representation of two lines.\n\n|-----------------------~-.              |\n|-----=---------------------------------.| \n\nFinal Answer:\n""}, {""role"": ""assistant"", ""content"": ""0.47058823529411764""}, {""role"": ""user"", ""content"": ""\nHere is the text-based representation of two lines.\n\n|--------=--------------                 |\n|-----------=------------- --------------| \n\nFinal Answer:\n""}, {""role"": ""assistant"", ""content"": ""0.6428571428571429""}, {""role"": ""user"", ""content"": ""\nHere is the text-based representation of two lines.\n\n|------------------=-----=----           |\n|-----~---------~------------------------| \n\nFinal Answer:\n""}, {""role"": ""assistant"", ""content"": ""0.5862068965517241""}, {""role"": ""user"", ""content"": ""\nHere is the text-based representation of two lines.\n\n|------------~                           |\n|----------.------------.----------------| \n\nFinal Answer:\n""}, {""role"": ""assistant"", ""content"": ""0.35714285714285715""}, {""role"": ""user"", ""content"": ""\nHere is the text-based representation of two lines.\n\n|---------=--~--                         |\n|---------------=---------=--------------| \n\nFinal Answer:\n""}, {""role"": ""assistant"", ""content"": ""0.4375""}, {""role"": ""user"", ""content"": ""\nHere is the text-based representation of two lines.\n\n|----.--------~-                         |\n|-----------------------.--.-------------| \n\nFinal Answer:\n""}, {""role"": ""assistant"", ""content"": ""0.375""}, {""role"": ""user"", ""content"": ""\nHere is the text-based representation of two lines.\n\n|-~-------------------=-                 |\n|--.-------- ----------------------------| \n\nFinal Answer:\n""}]",0.5172413793103449,
google/gemini-2.5-flash-lite,sample_008,0.666,0.666,0.666,0.47058823529411764,"[{""role"": ""system"", ""content"": ""You are a lines length ratio estimator.\n        You are given a text-based representation of two lines. The representation is delimited by vertical bars: |...|. Ignore space characters when considering its length.\n\n        Estimate the ratio of the shorter line to the longer line as a decimal number between 0 and 1.\n\n        Do not explain or reason. Only output the final answer as a number after Final Answer:\n""}, {""role"": ""user"", ""content"": ""\nHere is the text-based representation of two lines.\n\n|-----------------------~-.              |\n|-----=---------------------------------.| \n\nFinal Answer:\n""}, {""role"": ""assistant"", ""content"": ""0.47058823529411764""}, {""role"": ""user"", ""content"": ""\nHere is the text-based representation of two lines.\n\n|--------=--------------                 |\n|-----------=------------- --------------| \n\nFinal Answer:\n""}, {""role"": ""assistant"", ""content"": ""0.6428571428571429""}, {""role"": ""user"", ""content"": ""\nHere is the text-based representation of two lines.\n\n|------------------=-----=----           |\n|-----~---------~------------------------| \n\nFinal Answer:\n""}, {""role"": ""assistant"", ""content"": ""0.5862068965517241""}, {""role"": ""user"", ""content"": ""\nHere is the text-based representation of two lines.\n\n|------------~                           |\n|----------.------------.----------------| \n\nFinal Answer:\n""}, {""role"": ""assistant"", ""content"": ""0.35714285714285715""}, {""role"": ""user"", ""content"": ""\nHere is the text-based representation of two lines.\n\n|---------=--~--                         |\n|---------------=---------=--------------| \n\nFinal Answer:\n""}, {""role"": ""assistant"", ""content"": ""0.4375""}, {""role"": ""user"", ""content"": ""\nHere is the text-based representation of two lines.\n\n|----.--------~-                         |\n|-----------------------.--.-------------| \n\nFinal Answer:\n""}, {""role"": ""assistant"", ""content"": ""0.375""}, {""role"": ""user"", ""content"": ""\nHere is the text-based representation of two lines.\n\n|-~-------------------=-                 |\n|--.-------- ----------------------------| \n\nFinal Answer:\n""}, {""role"": ""assistant"", ""content"": ""0.5172413793103449""}, {""role"": ""user"", ""content"": ""\nHere is the text-based representation of two lines.\n\n|--------------~~----------              |\n|----~------- ---------------------------| \n\nFinal Answer:\n""}]",0.47058823529411764,
google/gemini-2.5-flash-lite,sample_009,0.7754,0.7754,0.7754,0.5172413793103449,"[{""role"": ""system"", ""content"": ""You are a lines length ratio estimator.\n        You are given a text-based representation of two lines. The representation is delimited by vertical bars: |...|. Ignore space characters when considering its length.\n\n        Estimate the ratio of the shorter line to the longer line as a decimal number between 0 and 1.\n\n        Do not explain or reason. Only output the final answer as a number after Final Answer:\n""}, {""role"": ""user"", ""content"": ""\nHere is the text-based representation of two lines.\n\n|-----------------------~-.              |\n|-----=---------------------------------.| \n\nFinal Answer:\n""}, {""role"": ""assistant"", ""content"": ""0.47058823529411764""}, {""role"": ""user"", ""content"": ""\nHere is the text-based representation of two lines.\n\n|--------=--------------                 |\n|-----------=------------- --------------| \n\nFinal Answer:\n""}, {""role"": ""assistant"", ""content"": ""0.6428571428571429""}, {""role"": ""user"", ""content"": ""\nHere is the text-based representation of two lines.\n\n|------------------=-----=----           |\n|-----~---------~------------------------| \n\nFinal Answer:\n""}, {""role"": ""assistant"", ""content"": ""0.5862068965517241""}, {""role"": ""user"", ""content"": ""\nHere is the text-based representation of two lines.\n\n|------------~                           |\n|----------.------------.----------------| \n\nFinal Answer:\n""}, {""role"": ""assistant"", ""content"": ""0.35714285714285715""}, {""role"": ""user"", ""content"": ""\nHere is the text-based representation of two lines.\n\n|---------=--~--                         |\n|---------------=---------=--------------| \n\nFinal Answer:\n""}, {""role"": ""assistant"", ""content"": ""0.4375""}, {""role"": ""user"", ""content"": ""\nHere is the text-based representation of two lines.\n\n|----.--------~-                         |\n|-----------------------.--.-------------| \n\nFinal Answer:\n""}, {""role"": ""assistant"", ""content"": ""0.375""}, {""role"": ""user"", ""content"": ""\nHere is the text-based representation of two lines.\n\n|-~-------------------=-                 |\n|--.-------- ----------------------------| \n\nFinal Answer:\n""}, {""role"": ""assistant"", ""content"": ""0.5172413793103449""}, {""role"": ""user"", ""content"": ""\nHere is the text-based representation of two lines.\n\n|--------------~~----------              |\n|----~------- ---------------------------| \n\nFinal Answer:\n""}, {""role"": ""assistant"", ""content"": ""0.47058823529411764""}, {""role"": ""user"", ""content"": ""\nHere is the text-based representation of two lines.\n\n|------=---------------~--------         |\n|------=- -------------------------------| \n\nFinal Answer:\n""}]",0.5172413793103449,
google/gemini-2.5-flash-lite,sample_010,0.4873,0.4873,0.4873,0.4444444444444444,"[{""role"": ""system"", ""content"": ""You are a lines length ratio estimator.\n        You are given a text-based representation of two lines. The representation is delimited by vertical bars: |...|. Ignore space characters when considering its length.\n\n        Estimate the ratio of the shorter line to the longer line as a decimal number between 0 and 1.\n\n        Do not explain or reason. Only output the final answer as a number after Final Answer:\n""}, {""role"": ""user"", ""content"": ""\nHere is the text-based representation of two lines.\n\n|-----------------------~-.              |\n|-----=---------------------------------.| \n\nFinal Answer:\n""}, {""role"": ""assistant"", ""content"": ""0.47058823529411764""}, {""role"": ""user"", ""content"": ""\nHere is the text-based representation of two lines.\n\n|--------=--------------                 |\n|-----------=------------- --------------| \n\nFinal Answer:\n""}, {""role"": ""assistant"", ""content"": ""0.6428571428571429""}, {""role"": ""user"", ""content"": ""\nHere is the text-based representation of two lines.\n\n|------------------=-----=----           |\n|-----~---------~------------------------| \n\nFinal Answer:\n""}, {""role"": ""assistant"", ""content"": ""0.5862068965517241""}, {""role"": ""user"", ""content"": ""\nHere is the text-based representation of two lines.\n\n|------------~                           |\n|----------.------------.----------------| \n\nFinal Answer:\n""}, {""role"": ""assistant"", ""content"": ""0.35714285714285715""}, {""role"": ""user"", ""content"": ""\nHere is the text-based representation of two lines.\n\n|---------=--~--                         |\n|---------------=---------=--------------| \n\nFinal Answer:\n""}, {""role"": ""assistant"", ""content"": ""0.4375""}, {""role"": ""user"", ""content"": ""\nHere is the text-based representation of two lines.\n\n|----.--------~-                         |\n|-----------------------.--.-------------| \n\nFinal Answer:\n""}, {""role"": ""assistant"", ""content"": ""0.375""}, {""role"": ""user"", ""content"": ""\nHere is the text-based representation of two lines.\n\n|-~-------------------=-                 |\n|--.-------- ----------------------------| \n\nFinal Answer:\n""}, {""role"": ""assistant"", ""content"": ""0.5172413793103449""}, {""role"": ""user"", ""content"": ""\nHere is the text-based representation of two lines.\n\n|--------------~~----------              |\n|----~------- ---------------------------| \n\nFinal Answer:\n""}, {""role"": ""assistant"", ""content"": ""0.47058823529411764""}, {""role"": ""user"", ""content"": ""\nHere is the text-based representation of two lines.\n\n|------=---------------~--------         |\n|------=- -------------------------------| \n\nFinal Answer:\n""}, {""role"": ""assistant"", ""content"": ""0.5172413793103449""}, {""role"": ""user"", ""content"": ""\nHere is the text-based representation of two lines.\n\n|--=------.---------                     |\n|-----------.----------------------------| \n\nFinal Answer:\n""}]",0.4444444444444444,
